Team ID,Team,Week,Player,Position,Points
2,Show Me Your TDs,1,Christian McCaffrey,RB,25.900000000000002
2,Show Me Your TDs,1,Garrett Wilson,WR,14.4
2,Show Me Your TDs,1,Jalen Hurts,QB,12.5
2,Show Me Your TDs,1,Calvin Ridley,WR,24.1
2,Show Me Your TDs,1,James Conner,RB,12.0
2,Show Me Your TDs,1,DJ Moore,WR,4.5
2,Show Me Your TDs,1,Pat Freiermuth,TE,7.3
2,Show Me Your TDs,1,Cowboys D/ST,DEF,35.0
2,Show Me Your TDs,1,Jake Elliott,K,18.0
2,Show Me Your TDs,1,,Total Points,153.7
10,Stay off the  Weidhaas,1,Stefon Diggs,WR,26.200000000000003
10,Stay off the  Weidhaas,1,Derrick Henry,RB,13.900000000000002
10,Stay off the  Weidhaas,1,Travis Etienne Jr.,RB,21.4
10,Stay off the  Weidhaas,1,Chris Olave,WR,19.200000000000003
10,Stay off the  Weidhaas,1,Kyle Pitts,TE,6.4
10,Stay off the  Weidhaas,1,Justin Herbert,QB,20.86
10,Stay off the  Weidhaas,1,Mike Williams,WR,8.5
10,Stay off the  Weidhaas,1,Bills D/ST,DEF,7.0
10,Stay off the  Weidhaas,1,Younghoe Koo,K,7.0
10,Stay off the  Weidhaas,1,,Total Points,130.46
5,Ridley Me This,1,Tony Pollard,RB,22.2
5,Ridley Me This,1,A.J. Brown,WR,14.9
5,Ridley Me This,1,Najee Harris,RB,5.3
5,Ridley Me This,1,Deebo Samuel,WR,11.3
5,Ridley Me This,1,Darren Waller,TE,6.6
5,Ridley Me This,1,Anthony Richardson,QB,20.92
5,Ridley Me This,1,Jamaal Williams,RB,7.2
5,Ridley Me This,1,Graham Gano,K,-2.0
5,Ridley Me This,1,Packers D/ST,DEF,14.0
5,Ridley Me This,1,,Total Points,100.42
1,The Good Lookin Kitchen,1,Justin Jefferson,WR,24.0
1,The Good Lookin Kitchen,1,Josh Jacobs,RB,9.100000000000001
1,The Good Lookin Kitchen,1,Amon-Ra St. Brown,WR,19.1
1,The Good Lookin Kitchen,1,Rhamondre Stevenson,RB,14.9
1,The Good Lookin Kitchen,1,Keenan Allen,WR,14.2
1,The Good Lookin Kitchen,1,Justin Fields,QB,14.540000000000001
1,The Good Lookin Kitchen,1,David Njoku,TE,4.4
1,The Good Lookin Kitchen,1,Brandon McManus,K,8.0
1,The Good Lookin Kitchen,1,Ravens D/ST,DEF,12.0
1,The Good Lookin Kitchen,1,,Total Points,120.24
6,London Calling,1,Ja'Marr Chase,WR,9.100000000000001
6,London Calling,1,Davante Adams,WR,12.600000000000001
6,London Calling,1,James Cook,RB,10.3
6,London Calling,1,J.K. Dobbins,RB,11.7
6,London Calling,1,Dallas Goedert,TE,0.0
6,London Calling,1,Trevor Lawrence,QB,17.740000000000002
6,London Calling,1,Justin Tucker,K,5.0
6,London Calling,1,Saints D/ST,DEF,12.0
6,London Calling,1,Michael Gallup,WR,2.0
6,London Calling,1,,Total Points,80.44
7,Green Bowl Packers,1,Travis Kelce,TE,0.0
7,Green Bowl Packers,1,Bijan Robinson,RB,20.3
7,Green Bowl Packers,1,Jaylen Waddle,WR,11.8
7,Green Bowl Packers,1,DK Metcalf,WR,13.7
7,Green Bowl Packers,1,Joe Burrow,QB,3.18
7,Green Bowl Packers,1,DeAndre Hopkins,WR,13.5
7,Green Bowl Packers,1,Miles Sanders,RB,11.799999999999999
7,Green Bowl Packers,1,Jeff Wilson Jr.,RB,0.0
7,Green Bowl Packers,1,Daniel Carlson,K,5.0
7,Green Bowl Packers,1,Eagles D/ST,DEF,11.0
7,Green Bowl Packers,1,Gerald Everett,TE,4.300000000000001
7,Green Bowl Packers,1,,Total Points,94.58
3,Slim Pickens,1,CeeDee Lamb,WR,11.7
3,Slim Pickens,1,DeVonta Smith,WR,17.7
3,Slim Pickens,1,Patrick Mahomes,QB,19.54
3,Slim Pickens,1,Dameon Pierce,RB,6.700000000000001
3,Slim Pickens,1,Rachaad White,RB,6.9
3,Slim Pickens,1,Jerick McKinnon,RB,2.0
3,Slim Pickens,1,Zach Ertz,TE,8.1
3,Slim Pickens,1,Tyler Bass,K,13.0
3,Slim Pickens,1,Panthers D/ST,DEF,6.0
3,Slim Pickens,1,,Total Points,91.64
4,Alex Moran,1,Austin Ekeler,RB,26.400000000000002
4,Alex Moran,1,Tyreek Hill,WR,44.5
4,Alex Moran,1,Jahmyr Gibbs,RB,8.0
4,Alex Moran,1,Lamar Jackson,QB,6.5600000000000005
4,Alex Moran,1,George Kittle,TE,4.9
4,Alex Moran,1,Chris Godwin,WR,10.100000000000001
4,Alex Moran,1,Cam Akers,RB,8.9
4,Alex Moran,1,Harrison Butker,K,8.0
4,Alex Moran,1,Steelers D/ST,DEF,3.0
4,Alex Moran,1,,Total Points,120.36
8,Old(er) Kitchen,1,Nick Chubb,RB,16.700000000000003
8,Old(er) Kitchen,1,Aaron Jones,RB,26.700000000000003
8,Old(er) Kitchen,1,Tee Higgins,WR,0.0
8,Old(er) Kitchen,1,T.J. Hockenson,TE,11.5
8,Old(er) Kitchen,1,Diontae Johnson,WR,7.800000000000001
8,Old(er) Kitchen,1,Deshaun Watson,QB,20.66
8,Old(er) Kitchen,1,Isiah Pacheco,RB,9.4
8,Old(er) Kitchen,1,Dolphins D/ST,DEF,-1.0
8,Old(er) Kitchen,1,Jason Myers,K,7.0
8,Old(er) Kitchen,1,,Total Points,98.76
9,Trevor Howard,1,Saquon Barkley,RB,9.3
9,Trevor Howard,1,Joe Mixon,RB,10.3
9,Trevor Howard,1,Josh Allen,QB,9.04
9,Trevor Howard,1,Amari Cooper,WR,6.7
9,Trevor Howard,1,Christian Kirk,WR,1.9
9,Trevor Howard,1,49ers D/ST,DEF,14.0
9,Trevor Howard,1,Cole Kmet,TE,9.4
9,Trevor Howard,1,Skyy Moore,WR,0.4
9,Trevor Howard,1,Evan McPherson,K,3.0
9,Trevor Howard,1,,Total Points,64.04
1,The Good Lookin Kitchen,2,Justin Jefferson,WR,24.9
1,The Good Lookin Kitchen,2,Josh Jacobs,RB,9.9
1,The Good Lookin Kitchen,2,Amon-Ra St. Brown,WR,14.200000000000001
1,The Good Lookin Kitchen,2,Rhamondre Stevenson,RB,15.0
1,The Good Lookin Kitchen,2,Keenan Allen,WR,31.1
1,The Good Lookin Kitchen,2,Justin Fields,QB,14.739999999999998
1,The Good Lookin Kitchen,2,Brandon McManus,K,10.0
1,The Good Lookin Kitchen,2,Sam LaPorta,TE,11.3
1,The Good Lookin Kitchen,2,Giants D/ST,DEF,-2.0
1,The Good Lookin Kitchen,2,,Total Points,129.14
7,Green Bowl Packers,2,Travis Kelce,TE,12.6
7,Green Bowl Packers,2,Bijan Robinson,RB,21.2
7,Green Bowl Packers,2,Jaylen Waddle,WR,12.399999999999999
7,Green Bowl Packers,2,DK Metcalf,WR,13.5
7,Green Bowl Packers,2,Joe Burrow,QB,15.38
7,Green Bowl Packers,2,Miles Sanders,RB,7.7
7,Green Bowl Packers,2,Michael Pittman Jr.,WR,13.600000000000001
7,Green Bowl Packers,2,Jeff Wilson Jr.,RB,0.0
7,Green Bowl Packers,2,Daniel Carlson,K,5.0
7,Green Bowl Packers,2,Eagles D/ST,DEF,6.0
7,Green Bowl Packers,2,,Total Points,107.38
4,Alex Moran,2,Tyreek Hill,WR,15.0
4,Alex Moran,2,Jahmyr Gibbs,RB,12.6
4,Alex Moran,2,Lamar Jackson,QB,22.880000000000003
4,Alex Moran,2,George Kittle,TE,6.0
4,Alex Moran,2,Chris Godwin,WR,10.8
4,Alex Moran,2,Harrison Butker,K,5.0
4,Alex Moran,2,Steelers D/ST,DEF,23.0
4,Alex Moran,2,Darnell Mooney,WR,0.0
4,Alex Moran,2,Kyren Williams,RB,28.0
4,Alex Moran,2,,Total Points,123.28
2,Show Me Your TDs,2,Christian McCaffrey,RB,22.5
2,Show Me Your TDs,2,Garrett Wilson,WR,16.3
2,Show Me Your TDs,2,Jalen Hurts,QB,25.22
2,Show Me Your TDs,2,Calvin Ridley,WR,5.2
2,Show Me Your TDs,2,James Conner,RB,16.6
2,Show Me Your TDs,2,Pat Freiermuth,TE,1.2
2,Show Me Your TDs,2,Cowboys D/ST,DEF,16.0
2,Show Me Your TDs,2,Jake Elliott,K,11.0
2,Show Me Your TDs,2,Joshua Kelley,RB,3.9000000000000004
2,Show Me Your TDs,2,,Total Points,117.92
9,Trevor Howard,2,Saquon Barkley,RB,27.200000000000003
9,Trevor Howard,2,Joe Mixon,RB,13.5
9,Trevor Howard,2,Josh Allen,QB,23.66
9,Trevor Howard,2,Mark Andrews,TE,15.5
9,Trevor Howard,2,Jerry Jeudy,WR,5.5
9,Trevor Howard,2,49ers D/ST,DEF,4.0
9,Trevor Howard,2,Evan McPherson,K,6.0
9,Trevor Howard,2,Puka Nacua,WR,30.1
9,Trevor Howard,2,Zay Jones,WR,0.0
9,Trevor Howard,2,,Total Points,125.46
10,Stay off the  Weidhaas,2,Stefon Diggs,WR,13.600000000000001
10,Stay off the  Weidhaas,2,Derrick Henry,RB,18.5
10,Stay off the  Weidhaas,2,Travis Etienne Jr.,RB,6.2
10,Stay off the  Weidhaas,2,Chris Olave,WR,14.6
10,Stay off the  Weidhaas,2,Justin Herbert,QB,22.200000000000003
10,Stay off the  Weidhaas,2,Mike Williams,WR,16.6
10,Stay off the  Weidhaas,2,Evan Engram,TE,11.7
10,Stay off the  Weidhaas,2,Bills D/ST,DEF,11.0
10,Stay off the  Weidhaas,2,Younghoe Koo,K,13.0
10,Stay off the  Weidhaas,2,,Total Points,127.4
3,Slim Pickens,2,CeeDee Lamb,WR,25.3
3,Slim Pickens,2,DeVonta Smith,WR,23.1
3,Slim Pickens,2,Patrick Mahomes,QB,21.200000000000003
3,Slim Pickens,2,Dameon Pierce,RB,5.5
3,Slim Pickens,2,Rachaad White,RB,21.3
3,Slim Pickens,2,Gabe Davis,WR,21.200000000000003
3,Slim Pickens,2,Zach Ertz,TE,11.600000000000001
3,Slim Pickens,2,Tyler Bass,K,8.0
3,Slim Pickens,2,Panthers D/ST,DEF,6.0
3,Slim Pickens,2,,Total Points,143.2
5,Ridley Me This,2,Tony Pollard,RB,19.9
5,Ridley Me This,2,A.J. Brown,WR,6.9
5,Ridley Me This,2,Najee Harris,RB,5.3
5,Ridley Me This,2,Deebo Samuel,WR,22.1
5,Ridley Me This,2,Darren Waller,TE,13.600000000000001
5,Ridley Me This,2,Kenneth Walker III,RB,18.400000000000002
5,Ridley Me This,2,Anthony Richardson,QB,17.740000000000002
5,Ridley Me This,2,Packers D/ST,DEF,0.0
5,Ridley Me This,2,Nick Folk,K,10.0
5,Ridley Me This,2,,Total Points,113.94
8,Old(er) Kitchen,2,Nick Chubb,RB,6.4
8,Old(er) Kitchen,2,Tee Higgins,WR,28.9
8,Old(er) Kitchen,2,T.J. Hockenson,TE,25.6
8,Old(er) Kitchen,2,Deshaun Watson,QB,11.600000000000001
8,Old(er) Kitchen,2,Isiah Pacheco,RB,8.0
8,Old(er) Kitchen,2,Jordan Addison,WR,16.2
8,Old(er) Kitchen,2,Brian Robinson Jr.,RB,28.900000000000002
8,Old(er) Kitchen,2,Dolphins D/ST,DEF,11.0
8,Old(er) Kitchen,2,Jason Myers,K,5.0
8,Old(er) Kitchen,2,,Total Points,141.6
6,London Calling,2,Ja'Marr Chase,WR,8.1
6,London Calling,2,Davante Adams,WR,20.4
6,London Calling,2,James Cook,RB,19.900000000000002
6,London Calling,2,J.K. Dobbins,RB,0.0
6,London Calling,2,Dallas Goedert,TE,8.2
6,London Calling,2,Trevor Lawrence,QB,9.24
6,London Calling,2,Justin Tucker,K,10.0
6,London Calling,2,Saints D/ST,DEF,9.0
6,London Calling,2,Michael Gallup,WR,1.3
6,London Calling,2,,Total Points,86.14
4,Alex Moran,3,Tyreek Hill,WR,30.700000000000003
4,Alex Moran,3,Jahmyr Gibbs,RB,9.2
4,Alex Moran,3,Lamar Jackson,QB,28.18
4,Alex Moran,3,George Kittle,TE,16.0
4,Alex Moran,3,Chris Godwin,WR,8.2
4,Alex Moran,3,Harrison Butker,K,12.0
4,Alex Moran,3,Steelers D/ST,DEF,9.0
4,Alex Moran,3,Kyren Williams,RB,8.5
4,Alex Moran,3,Tutu Atwell,WR,17.2
4,Alex Moran,3,,Total Points,138.98
9,Trevor Howard,3,Joe Mixon,RB,14.0
9,Trevor Howard,3,Josh Allen,QB,21.32
9,Trevor Howard,3,Mark Andrews,TE,7.5
9,Trevor Howard,3,Amari Cooper,WR,24.6
9,Trevor Howard,3,Christian Kirk,WR,15.4
9,Trevor Howard,3,49ers D/ST,DEF,10.0
9,Trevor Howard,3,Evan McPherson,K,18.0
9,Trevor Howard,3,Puka Nacua,WR,12.2
9,Trevor Howard,3,Dalvin Cook,RB,5.9
9,Trevor Howard,3,,Total Points,128.92
1,The Good Lookin Kitchen,3,Justin Jefferson,WR,27.9
1,The Good Lookin Kitchen,3,Josh Jacobs,RB,11.0
1,The Good Lookin Kitchen,3,Amon-Ra St. Brown,WR,19.6
1,The Good Lookin Kitchen,3,Rhamondre Stevenson,RB,7.2
1,The Good Lookin Kitchen,3,Keenan Allen,WR,45.46
1,The Good Lookin Kitchen,3,Justin Fields,QB,10.66
1,The Good Lookin Kitchen,3,Brandon McManus,K,3.0
1,The Good Lookin Kitchen,3,Sam LaPorta,TE,22.4
1,The Good Lookin Kitchen,3,Jaguars D/ST,DEF,-4.0
1,The Good Lookin Kitchen,3,,Total Points,143.22
3,Slim Pickens,3,CeeDee Lamb,WR,10.200000000000001
3,Slim Pickens,3,DeVonta Smith,WR,6.800000000000001
3,Slim Pickens,3,Patrick Mahomes,QB,25.68
3,Slim Pickens,3,Dameon Pierce,RB,14.9
3,Slim Pickens,3,Rachaad White,RB,7.200000000000001
3,Slim Pickens,3,George Pickens,WR,11.5
3,Slim Pickens,3,Zach Ertz,TE,2.6
3,Slim Pickens,3,Tyler Bass,K,15.0
3,Slim Pickens,3,Panthers D/ST,DEF,-2.0
3,Slim Pickens,3,,Total Points,91.88
7,Green Bowl Packers,3,Travis Kelce,TE,19.9
7,Green Bowl Packers,3,Bijan Robinson,RB,10.0
7,Green Bowl Packers,3,Jaylen Waddle,WR,0.0
7,Green Bowl Packers,3,DK Metcalf,WR,17.200000000000003
7,Green Bowl Packers,3,Miles Sanders,RB,17.2
7,Green Bowl Packers,3,Michael Pittman Jr.,WR,16.7
7,Green Bowl Packers,3,Jeff Wilson Jr.,RB,0.0
7,Green Bowl Packers,3,Daniel Carlson,K,4.0
7,Green Bowl Packers,3,Jared Goff,QB,18.020000000000003
7,Green Bowl Packers,3,Chiefs D/ST,DEF,12.0
7,Green Bowl Packers,3,,Total Points,115.02
8,Old(er) Kitchen,3,Tee Higgins,WR,4.1
8,Old(er) Kitchen,3,T.J. Hockenson,TE,13.8
8,Old(er) Kitchen,3,Deshaun Watson,QB,21.16
8,Old(er) Kitchen,3,Isiah Pacheco,RB,15.799999999999999
8,Old(er) Kitchen,3,Jordan Addison,WR,11.2
8,Old(er) Kitchen,3,Brian Robinson Jr.,RB,7.0
8,Old(er) Kitchen,3,Jakobi Meyers,WR,15.5
8,Old(er) Kitchen,3,Dolphins D/ST,DEF,6.0
8,Old(er) Kitchen,3,Jason Myers,K,18.0
8,Old(er) Kitchen,3,,Total Points,112.56
2,Show Me Your TDs,3,Christian McCaffrey,RB,22.9
2,Show Me Your TDs,3,Garrett Wilson,WR,9.8
2,Show Me Your TDs,3,Jalen Hurts,QB,19.880000000000003
2,Show Me Your TDs,3,Calvin Ridley,WR,7.0
2,Show Me Your TDs,3,Cowboys D/ST,DEF,-2.0
2,Show Me Your TDs,3,Jake Elliott,K,11.0
2,Show Me Your TDs,3,Raheem Mostert,RB,45.2
2,Show Me Your TDs,3,Joshua Kelley,RB,2.7
2,Show Me Your TDs,3,Hunter Henry,TE,3.7
2,Show Me Your TDs,3,,Total Points,120.18
5,Ridley Me This,3,Tony Pollard,RB,15.100000000000001
5,Ridley Me This,3,A.J. Brown,WR,22.1
5,Ridley Me This,3,Najee Harris,RB,6.5
5,Ridley Me This,3,Deebo Samuel,WR,25.1
5,Ridley Me This,3,Darren Waller,TE,5.0
5,Ridley Me This,3,Kenneth Walker III,RB,30.6
5,Ridley Me This,3,Packers D/ST,DEF,7.0
5,Ridley Me This,3,Russell Wilson,QB,14.24
5,Ridley Me This,3,Nick Folk,K,4.0
5,Ridley Me This,3,,Total Points,129.64
10,Stay off the  Weidhaas,3,Stefon Diggs,WR,19.1
10,Stay off the  Weidhaas,3,Derrick Henry,RB,2.0
10,Stay off the  Weidhaas,3,Travis Etienne Jr.,RB,17.8
10,Stay off the  Weidhaas,3,Chris Olave,WR,18.4
10,Stay off the  Weidhaas,3,Mike Williams,WR,25.1
10,Stay off the  Weidhaas,3,Evan Engram,TE,13.7
10,Stay off the  Weidhaas,3,Bills D/ST,DEF,31.0
10,Stay off the  Weidhaas,3,Tua Tagovailoa,QB,28.36
10,Stay off the  Weidhaas,3,Younghoe Koo,K,6.0
10,Stay off the  Weidhaas,3,,Total Points,161.46
6,London Calling,3,Ja'Marr Chase,WR,26.1
6,London Calling,3,Davante Adams,WR,42.2
6,London Calling,3,James Cook,RB,13.200000000000001
6,London Calling,3,Dallas Goedert,TE,9.100000000000001
6,London Calling,3,Trevor Lawrence,QB,14.36
6,London Calling,3,Justin Tucker,K,6.0
6,London Calling,3,Saints D/ST,DEF,9.0
6,London Calling,3,Michael Gallup,WR,15.200000000000001
6,London Calling,3,Tyler Allgeier,RB,4.9
6,London Calling,3,,Total Points,140.06
3,Slim Pickens,4,CeeDee Lamb,WR,14.799999999999999
3,Slim Pickens,4,DeVonta Smith,WR,14.8
3,Slim Pickens,4,Patrick Mahomes,QB,13.220000000000002
3,Slim Pickens,4,Dameon Pierce,RB,11.8
3,Slim Pickens,4,George Pickens,WR,5.5
3,Slim Pickens,4,D'Andre Swift,RB,17.900000000000002
3,Slim Pickens,4,Zach Ertz,TE,11.3
3,Slim Pickens,4,Tyler Bass,K,14.0
3,Slim Pickens,4,Panthers D/ST,DEF,15.0
3,Slim Pickens,4,,Total Points,118.32
8,Old(er) Kitchen,4,Cooper Kupp,WR,0.0
8,Old(er) Kitchen,4,Aaron Jones,RB,2.4
8,Old(er) Kitchen,4,Tee Higgins,WR,3.9000000000000004
8,Old(er) Kitchen,4,T.J. Hockenson,TE,4.4
8,Old(er) Kitchen,4,Jordan Addison,WR,0.0
8,Old(er) Kitchen,4,Brian Robinson Jr.,RB,13.1
8,Old(er) Kitchen,4,Jakobi Meyers,WR,5.300000000000001
8,Old(er) Kitchen,4,Dolphins D/ST,DEF,-6.0
8,Old(er) Kitchen,4,Jason Myers,K,5.0
8,Old(er) Kitchen,4,Jordan Love,QB,17.64
8,Old(er) Kitchen,4,,Total Points,45.74
5,Ridley Me This,4,Tony Pollard,RB,9.0
5,Ridley Me This,4,A.J. Brown,WR,38.5
5,Ridley Me This,4,Deebo Samuel,WR,0.6000000000000001
5,Ridley Me This,4,Darren Waller,TE,5.1
5,Ridley Me This,4,Kenneth Walker III,RB,13.9
5,Ridley Me This,4,Marquise Brown,WR,16.6
5,Ridley Me This,4,Russell Wilson,QB,22.22
5,Ridley Me This,4,Nick Folk,K,11.0
5,Ridley Me This,4,Browns D/ST,DEF,6.0
5,Ridley Me This,4,,Total Points,122.92
4,Alex Moran,4,Tyreek Hill,WR,10.200000000000001
4,Alex Moran,4,Jahmyr Gibbs,RB,9.1
4,Alex Moran,4,Lamar Jackson,QB,28.14
4,Alex Moran,4,George Kittle,TE,1.9
4,Alex Moran,4,Harrison Butker,K,11.0
4,Alex Moran,4,Steelers D/ST,DEF,-6.0
4,Alex Moran,4,Kyren Williams,RB,27.700000000000003
4,Alex Moran,4,Tutu Atwell,WR,7.4
4,Alex Moran,4,Tank Dell,WR,3.9
4,Alex Moran,4,,Total Points,93.34
6,London Calling,4,Ja'Marr Chase,WR,14.3
6,London Calling,4,Davante Adams,WR,15.5
6,London Calling,4,James Cook,RB,14.700000000000001
6,London Calling,4,Dallas Goedert,TE,4.5
6,London Calling,4,Trevor Lawrence,QB,16.479999999999997
6,London Calling,4,Justin Tucker,K,4.0
6,London Calling,4,Saints D/ST,DEF,2.0
6,London Calling,4,Michael Gallup,WR,11.0
6,London Calling,4,Tyler Allgeier,RB,2.2
6,London Calling,4,,Total Points,84.68
9,Trevor Howard,4,Joe Mixon,RB,8.6
9,Trevor Howard,4,Josh Allen,QB,36.5
9,Trevor Howard,4,Mark Andrews,TE,25.0
9,Trevor Howard,4,Amari Cooper,WR,2.6
9,Trevor Howard,4,Christian Kirk,WR,16.4
9,Trevor Howard,4,Alvin Kamara,RB,21.400000000000002
9,Trevor Howard,4,49ers D/ST,DEF,1.0
9,Trevor Howard,4,Evan McPherson,K,3.0
9,Trevor Howard,4,Puka Nacua,WR,31.3
9,Trevor Howard,4,,Total Points,145.8
2,Show Me Your TDs,4,Christian McCaffrey,RB,48.7
2,Show Me Your TDs,4,Garrett Wilson,WR,15.0
2,Show Me Your TDs,4,Jalen Hurts,QB,24.16
2,Show Me Your TDs,4,Calvin Ridley,WR,11.8
2,Show Me Your TDs,4,James Conner,RB,6.6000000000000005
2,Show Me Your TDs,4,Pat Freiermuth,TE,3.7
2,Show Me Your TDs,4,Cowboys D/ST,DEF,26.0
2,Show Me Your TDs,4,Jake Elliott,K,18.0
2,Show Me Your TDs,4,Raheem Mostert,RB,5.5
2,Show Me Your TDs,4,,Total Points,159.46
1,The Good Lookin Kitchen,4,Justin Jefferson,WR,26.5
1,The Good Lookin Kitchen,4,Josh Jacobs,RB,27.9
1,The Good Lookin Kitchen,4,Amon-Ra St. Brown,WR,16.6
1,The Good Lookin Kitchen,4,Keenan Allen,WR,12.2
1,The Good Lookin Kitchen,4,Alexander Mattison,RB,10.8
1,The Good Lookin Kitchen,4,Justin Fields,QB,27.9
1,The Good Lookin Kitchen,4,Brandon McManus,K,14.0
1,The Good Lookin Kitchen,4,Sam LaPorta,TE,9.600000000000001
1,The Good Lookin Kitchen,4,Jaguars D/ST,DEF,21.0
1,The Good Lookin Kitchen,4,,Total Points,166.5
10,Stay off the  Weidhaas,4,Stefon Diggs,WR,36.0
10,Stay off the  Weidhaas,4,Derrick Henry,RB,24.380000000000003
10,Stay off the  Weidhaas,4,Travis Etienne Jr.,RB,10.2
10,Stay off the  Weidhaas,4,Chris Olave,WR,1.4
10,Stay off the  Weidhaas,4,Evan Engram,TE,12.9
10,Stay off the  Weidhaas,4,Tua Tagovailoa,QB,13.98
10,Stay off the  Weidhaas,4,Adam Thielen,WR,15.2
10,Stay off the  Weidhaas,4,Younghoe Koo,K,1.0
10,Stay off the  Weidhaas,4,Seahawks D/ST,DEF,29.0
10,Stay off the  Weidhaas,4,,Total Points,144.06
7,Green Bowl Packers,4,Travis Kelce,TE,12.0
7,Green Bowl Packers,4,Bijan Robinson,RB,18.7
7,Green Bowl Packers,4,Jaylen Waddle,WR,8.600000000000001
7,Green Bowl Packers,4,DK Metcalf,WR,12.4
7,Green Bowl Packers,4,Mike Evans,WR,7.0
7,Green Bowl Packers,4,Jeff Wilson Jr.,RB,0.0
7,Green Bowl Packers,4,Daniel Carlson,K,5.0
7,Green Bowl Packers,4,Zack Moss,RB,9.0
7,Green Bowl Packers,4,Jared Goff,QB,11.4
7,Green Bowl Packers,4,Chiefs D/ST,DEF,4.0
7,Green Bowl Packers,4,,Total Points,88.1
5,Ridley Me This,5,Tony Pollard,RB,8.4
5,Ridley Me This,5,A.J. Brown,WR,18.700000000000003
5,Ridley Me This,5,Deebo Samuel,WR,11.5
5,Ridley Me This,5,Darren Waller,TE,16.6
5,Ridley Me This,5,David Montgomery,RB,20.9
5,Ridley Me This,5,Marquise Brown,WR,16.1
5,Ridley Me This,5,Anthony Richardson,QB,4.42
5,Ridley Me This,5,Nick Folk,K,12.0
5,Ridley Me This,5,Patriots D/ST,DEF,1.0
5,Ridley Me This,5,,Total Points,109.62
6,London Calling,5,Ja'Marr Chase,WR,52.2
6,London Calling,5,Davante Adams,WR,8.5
6,London Calling,5,James Cook,RB,5.1
6,London Calling,5,Dallas Goedert,TE,25.700000000000003
6,London Calling,5,Trevor Lawrence,QB,15.7
6,London Calling,5,Justin Tucker,K,4.0
6,London Calling,5,Saints D/ST,DEF,22.0
6,London Calling,5,Michael Gallup,WR,3.5
6,London Calling,5,Tyler Allgeier,RB,6.0
6,London Calling,5,,Total Points,142.7
3,Slim Pickens,5,CeeDee Lamb,WR,8.9
3,Slim Pickens,5,DeVonta Smith,WR,1.6
3,Slim Pickens,5,Patrick Mahomes,QB,19.240000000000002
3,Slim Pickens,5,Dameon Pierce,RB,9.200000000000001
3,Slim Pickens,5,D'Andre Swift,RB,16.8
3,Slim Pickens,5,Zach Ertz,TE,9.0
3,Slim Pickens,5,Tyler Bass,K,2.0
3,Slim Pickens,5,Nico Collins,WR,6.9
3,Slim Pickens,5,Panthers D/ST,DEF,-2.0
3,Slim Pickens,5,,Total Points,71.64
2,Show Me Your TDs,5,Christian McCaffrey,RB,13.8
2,Show Me Your TDs,5,Garrett Wilson,WR,8.4
2,Show Me Your TDs,5,Jalen Hurts,QB,27.32
2,Show Me Your TDs,5,Calvin Ridley,WR,20.6
2,Show Me Your TDs,5,James Conner,RB,4.6000000000000005
2,Show Me Your TDs,5,DJ Moore,WR,49.0
2,Show Me Your TDs,5,Jake Elliott,K,11.0
2,Show Me Your TDs,5,Hunter Henry,TE,0.0
2,Show Me Your TDs,5,Bills D/ST,DEF,4.0
2,Show Me Your TDs,5,,Total Points,138.72
8,Old(er) Kitchen,5,Cooper Kupp,WR,19.8
8,Old(er) Kitchen,5,Aaron Jones,RB,0.0
8,Old(er) Kitchen,5,T.J. Hockenson,TE,10.100000000000001
8,Old(er) Kitchen,5,Diontae Johnson,WR,0.0
8,Old(er) Kitchen,5,Isiah Pacheco,RB,13.4
8,Old(er) Kitchen,5,Brian Robinson Jr.,RB,8.3
8,Old(er) Kitchen,5,Jakobi Meyers,WR,20.5
8,Old(er) Kitchen,5,Dolphins D/ST,DEF,12.0
8,Old(er) Kitchen,5,Jordan Love,QB,4.98
8,Old(er) Kitchen,5,Matt Prater,K,2.0
8,Old(er) Kitchen,5,,Total Points,91.08
10,Stay off the  Weidhaas,5,Stefon Diggs,WR,24.1
10,Stay off the  Weidhaas,5,Derrick Henry,RB,9.2
10,Stay off the  Weidhaas,5,Travis Etienne Jr.,RB,36.400000000000006
10,Stay off the  Weidhaas,5,Chris Olave,WR,9.2
10,Stay off the  Weidhaas,5,Kyle Pitts,TE,15.700000000000001
10,Stay off the  Weidhaas,5,Mike Williams,WR,0.0
10,Stay off the  Weidhaas,5,Tua Tagovailoa,QB,16.92
10,Stay off the  Weidhaas,5,Adam Thielen,WR,27.700000000000003
10,Stay off the  Weidhaas,5,Younghoe Koo,K,7.0
10,Stay off the  Weidhaas,5,Texans D/ST,DEF,1.0
10,Stay off the  Weidhaas,5,,Total Points,147.22
4,Alex Moran,5,Austin Ekeler,RB,0.0
4,Alex Moran,5,Tyreek Hill,WR,32.1
4,Alex Moran,5,Lamar Jackson,QB,9.94
4,Alex Moran,5,George Kittle,TE,27.7
4,Alex Moran,5,Harrison Butker,K,10.0
4,Alex Moran,5,Steelers D/ST,DEF,17.0
4,Alex Moran,5,Kyren Williams,RB,7.700000000000001
4,Alex Moran,5,Tank Dell,WR,8.3
4,Alex Moran,5,Jaleel McLaughlin,RB,17.900000000000002
4,Alex Moran,5,Michael Thomas,WR,10.5
4,Alex Moran,5,,Total Points,141.14
1,The Good Lookin Kitchen,5,Justin Jefferson,WR,5.800000000000001
1,The Good Lookin Kitchen,5,Josh Jacobs,RB,19.9
1,The Good Lookin Kitchen,5,Alexander Mattison,RB,12.6
1,The Good Lookin Kitchen,5,Justin Fields,QB,32.98
1,The Good Lookin Kitchen,5,Zay Flowers,WR,12.3
1,The Good Lookin Kitchen,5,Jaylen Warren,RB,10.9
1,The Good Lookin Kitchen,5,Brandon McManus,K,6.0
1,The Good Lookin Kitchen,5,Sam LaPorta,TE,19.7
1,The Good Lookin Kitchen,5,Lions D/ST,DEF,7.0
1,The Good Lookin Kitchen,5,Kyler Murray,QB,0.0
1,The Good Lookin Kitchen,5,,Total Points,127.18
9,Trevor Howard,5,Joe Mixon,RB,13.4
9,Trevor Howard,5,Josh Allen,QB,27.759999999999998
9,Trevor Howard,5,Mark Andrews,TE,12.5
9,Trevor Howard,5,Christian Kirk,WR,14.4
9,Trevor Howard,5,Alvin Kamara,RB,18.7
9,Trevor Howard,5,Puka Nacua,WR,20.1
9,Trevor Howard,5,Romeo Doubs,WR,1.4
9,Trevor Howard,5,Ravens D/ST,DEF,8.0
9,Trevor Howard,5,Brett Maher,K,2.0
9,Trevor Howard,5,,Total Points,118.26
7,Green Bowl Packers,5,Travis Kelce,TE,22.7
7,Green Bowl Packers,5,Bijan Robinson,RB,11.8
7,Green Bowl Packers,5,Jaylen Waddle,WR,14.5
7,Green Bowl Packers,5,Miles Sanders,RB,1.2000000000000002
7,Green Bowl Packers,5,Michael Pittman Jr.,WR,10.2
7,Green Bowl Packers,5,Jeff Wilson Jr.,RB,0.0
7,Green Bowl Packers,5,Daniel Carlson,K,3.0
7,Green Bowl Packers,5,Jared Goff,QB,27.439999999999998
7,Green Bowl Packers,5,De'Von Achane,RB,21.5
7,Green Bowl Packers,5,Commanders D/ST,DEF,-5.0
7,Green Bowl Packers,5,,Total Points,107.34
10,Stay off the  Weidhaas,6,Stefon Diggs,WR,20.0
10,Stay off the  Weidhaas,6,Derrick Henry,RB,19.300000000000004
10,Stay off the  Weidhaas,6,Travis Etienne Jr.,RB,23.3
10,Stay off the  Weidhaas,6,Chris Olave,WR,16.6
10,Stay off the  Weidhaas,6,Mike Williams,WR,0.0
10,Stay off the  Weidhaas,6,Evan Engram,TE,11.100000000000001
10,Stay off the  Weidhaas,6,Tua Tagovailoa,QB,22.48
10,Stay off the  Weidhaas,6,Adam Thielen,WR,28.5
10,Stay off the  Weidhaas,6,Younghoe Koo,K,5.0
10,Stay off the  Weidhaas,6,Raiders D/ST,DEF,11.0
10,Stay off the  Weidhaas,6,,Total Points,157.28
1,The Good Lookin Kitchen,6,Justin Jefferson,WR,0.0
1,The Good Lookin Kitchen,6,Josh Jacobs,RB,11.299999999999999
1,The Good Lookin Kitchen,6,Amon-Ra St. Brown,WR,30.4
1,The Good Lookin Kitchen,6,Keenan Allen,WR,21.5
1,The Good Lookin Kitchen,6,Alexander Mattison,RB,11.200000000000001
1,The Good Lookin Kitchen,6,Justin Fields,QB,4.92
1,The Good Lookin Kitchen,6,Zay Flowers,WR,17.1
1,The Good Lookin Kitchen,6,Brandon McManus,K,17.0
1,The Good Lookin Kitchen,6,Sam LaPorta,TE,7.6
1,The Good Lookin Kitchen,6,Lions D/ST,DEF,9.0
1,The Good Lookin Kitchen,6,Kyler Murray,QB,0.0
1,The Good Lookin Kitchen,6,,Total Points,130.02
7,Green Bowl Packers,6,Travis Kelce,TE,21.4
7,Green Bowl Packers,6,Bijan Robinson,RB,13.0
7,Green Bowl Packers,6,Jaylen Waddle,WR,18.1
7,Green Bowl Packers,6,Miles Sanders,RB,0.0
7,Green Bowl Packers,6,Mike Evans,WR,8.9
7,Green Bowl Packers,6,Michael Pittman Jr.,WR,19.9
7,Green Bowl Packers,6,Jeff Wilson Jr.,RB,0.0
7,Green Bowl Packers,6,Daniel Carlson,K,13.0
7,Green Bowl Packers,6,Eagles D/ST,DEF,7.0
7,Green Bowl Packers,6,Jared Goff,QB,22.42
7,Green Bowl Packers,6,De'Von Achane,RB,0.0
7,Green Bowl Packers,6,,Total Points,123.72
4,Alex Moran,6,Austin Ekeler,RB,10.2
4,Alex Moran,6,Tyreek Hill,WR,28.3
4,Alex Moran,6,Lamar Jackson,QB,17.119999999999997
4,Alex Moran,6,George Kittle,TE,1.1
4,Alex Moran,6,Chris Godwin,WR,13.7
4,Alex Moran,6,Harrison Butker,K,17.0
4,Alex Moran,6,Kyren Williams,RB,21.8
4,Alex Moran,6,Michael Thomas,WR,9.5
4,Alex Moran,6,Falcons D/ST,DEF,8.0
4,Alex Moran,6,,Total Points,126.72
9,Trevor Howard,6,Saquon Barkley,RB,13.8
9,Trevor Howard,6,Joe Mixon,RB,9.200000000000001
9,Trevor Howard,6,Josh Allen,QB,13.86
9,Trevor Howard,6,Mark Andrews,TE,10.9
9,Trevor Howard,6,Amari Cooper,WR,14.8
9,Trevor Howard,6,Alvin Kamara,RB,17.400000000000002
9,Trevor Howard,6,Puka Nacua,WR,6.6
9,Trevor Howard,6,Ravens D/ST,DEF,13.0
9,Trevor Howard,6,Brett Maher,K,15.0
9,Trevor Howard,6,,Total Points,114.56
3,Slim Pickens,6,CeeDee Lamb,WR,18.700000000000003
3,Slim Pickens,6,DeVonta Smith,WR,9.4
3,Slim Pickens,6,Patrick Mahomes,QB,17.34
3,Slim Pickens,6,Rachaad White,RB,6.8
3,Slim Pickens,6,D'Andre Swift,RB,17.8
3,Slim Pickens,6,Zach Ertz,TE,4.2
3,Slim Pickens,6,Tyler Bass,K,0.0
3,Slim Pickens,6,Nico Collins,WR,12.0
3,Slim Pickens,6,Panthers D/ST,DEF,2.0
3,Slim Pickens,6,,Total Points,88.24
8,Old(er) Kitchen,6,Cooper Kupp,WR,27.8
8,Old(er) Kitchen,6,Breece Hall,RB,20.3
8,Old(er) Kitchen,6,T.J. Hockenson,TE,11.0
8,Old(er) Kitchen,6,Diontae Johnson,WR,0.0
8,Old(er) Kitchen,6,Isiah Pacheco,RB,15.799999999999999
8,Old(er) Kitchen,6,Brian Robinson Jr.,RB,13.6
8,Old(er) Kitchen,6,Jakobi Meyers,WR,17.1
8,Old(er) Kitchen,6,Dolphins D/ST,DEF,7.0
8,Old(er) Kitchen,6,Matt Prater,K,11.0
8,Old(er) Kitchen,6,Matthew Stafford,QB,13.240000000000002
8,Old(er) Kitchen,6,,Total Points,136.84
5,Ridley Me This,6,Tony Pollard,RB,17.0
5,Ridley Me This,6,A.J. Brown,WR,20.1
5,Ridley Me This,6,Deebo Samuel,WR,1.1
5,Ridley Me This,6,Darren Waller,TE,9.3
5,Ridley Me This,6,Kenneth Walker III,RB,17.9
5,Ridley Me This,6,David Montgomery,RB,4.300000000000001
5,Ridley Me This,6,Anthony Richardson,QB,0.0
5,Ridley Me This,6,Russell Wilson,QB,6.9
5,Ridley Me This,6,Nick Folk,K,10.0
5,Ridley Me This,6,Chiefs D/ST,DEF,16.0
5,Ridley Me This,6,,Total Points,102.6
6,London Calling,6,Ja'Marr Chase,WR,14.0
6,London Calling,6,Davante Adams,WR,4.9
6,London Calling,6,James Cook,RB,7.1000000000000005
6,London Calling,6,Dallas Goedert,TE,9.2
6,London Calling,6,Trevor Lawrence,QB,14.74
6,London Calling,6,Brandon Aiyuk,WR,11.600000000000001
6,London Calling,6,Justin Tucker,K,19.0
6,London Calling,6,Saints D/ST,DEF,6.0
6,London Calling,6,Tyler Allgeier,RB,5.1000000000000005
6,London Calling,6,,Total Points,91.64
2,Show Me Your TDs,6,Christian McCaffrey,RB,14.200000000000001
2,Show Me Your TDs,6,Garrett Wilson,WR,17.0
2,Show Me Your TDs,6,Jalen Hurts,QB,19.9
2,Show Me Your TDs,6,Calvin Ridley,WR,6.6
2,Show Me Your TDs,6,James Conner,RB,0.0
2,Show Me Your TDs,6,DJ Moore,WR,10.100000000000001
2,Show Me Your TDs,6,Jake Elliott,K,1.0
2,Show Me Your TDs,6,Raheem Mostert,RB,34.2
2,Show Me Your TDs,6,Hunter Henry,TE,1.7000000000000002
2,Show Me Your TDs,6,49ers D/ST,DEF,6.0
2,Show Me Your TDs,6,,Total Points,110.7
4,Alex Moran,7,Austin Ekeler,RB,5.6
4,Alex Moran,7,Tyreek Hill,WR,25.8
4,Alex Moran,7,Jahmyr Gibbs,RB,27.6
4,Alex Moran,7,Lamar Jackson,QB,33.88
4,Alex Moran,7,Chris Godwin,WR,12.600000000000001
4,Alex Moran,7,Harrison Butker,K,7.0
4,Alex Moran,7,Steelers D/ST,DEF,4.0
4,Alex Moran,7,Dalton Schultz,TE,0.0
4,Alex Moran,7,Michael Thomas,WR,13.2
4,Alex Moran,7,,Total Points,129.68
10,Stay off the  Weidhaas,7,Stefon Diggs,WR,17.8
10,Stay off the  Weidhaas,7,Travis Etienne Jr.,RB,22.700000000000003
10,Stay off the  Weidhaas,7,Chris Olave,WR,12.7
10,Stay off the  Weidhaas,7,Mike Williams,WR,0.0
10,Stay off the  Weidhaas,7,Jonathan Taylor,RB,21.0
10,Stay off the  Weidhaas,7,Drake London,WR,11.4
10,Stay off the  Weidhaas,7,Evan Engram,TE,9.5
10,Stay off the  Weidhaas,7,Tua Tagovailoa,QB,10.34
10,Stay off the  Weidhaas,7,Younghoe Koo,K,13.0
10,Stay off the  Weidhaas,7,Raiders D/ST,DEF,4.0
10,Stay off the  Weidhaas,7,,Total Points,122.44
3,Slim Pickens,7,DeVonta Smith,WR,8.9
3,Slim Pickens,7,Patrick Mahomes,QB,33.86
3,Slim Pickens,7,Rachaad White,RB,15.9
3,Slim Pickens,7,George Pickens,WR,15.700000000000001
3,Slim Pickens,7,D'Andre Swift,RB,10.5
3,Slim Pickens,7,Zach Ertz,TE,4.9
3,Slim Pickens,7,Tyler Bass,K,4.0
3,Slim Pickens,7,Elijah Moore,WR,9.9
3,Slim Pickens,7,Jaguars D/ST,DEF,6.0
3,Slim Pickens,7,,Total Points,109.66
7,Green Bowl Packers,7,Travis Kelce,TE,35.900000000000006
7,Green Bowl Packers,7,Bijan Robinson,RB,0.30000000000000004
7,Green Bowl Packers,7,Jaylen Waddle,WR,12.3
7,Green Bowl Packers,7,Miles Sanders,RB,0.0
7,Green Bowl Packers,7,Mike Evans,WR,20.200000000000003
7,Green Bowl Packers,7,Daniel Carlson,K,6.0
7,Green Bowl Packers,7,Jerome Ford,RB,17.4
7,Green Bowl Packers,7,Jared Goff,QB,9.36
7,Green Bowl Packers,7,De'Von Achane,RB,0.0
7,Green Bowl Packers,7,Joshua Palmer,WR,18.3
7,Green Bowl Packers,7,Seahawks D/ST,DEF,9.0
7,Green Bowl Packers,7,,Total Points,128.76
5,Ridley Me This,7,A.J. Brown,WR,29.700000000000003
5,Ridley Me This,7,Najee Harris,RB,15.8
5,Ridley Me This,7,Darren Waller,TE,22.8
5,Ridley Me This,7,Terry McLaurin,WR,15.0
5,Ridley Me This,7,Kenneth Walker III,RB,13.1
5,Ridley Me This,7,Marquise Brown,WR,7.9
5,Ridley Me This,7,Russell Wilson,QB,13.86
5,Ridley Me This,7,Commanders D/ST,DEF,8.0
5,Ridley Me This,7,Jason Sanders,K,6.0
5,Ridley Me This,7,,Total Points,132.16
9,Trevor Howard,7,Saquon Barkley,RB,18.8
9,Trevor Howard,7,Josh Allen,QB,24.299999999999997
9,Trevor Howard,7,Mark Andrews,TE,22.3
9,Trevor Howard,7,Amari Cooper,WR,4.2
9,Trevor Howard,7,Christian Kirk,WR,19.0
9,Trevor Howard,7,Alvin Kamara,RB,29.299999999999997
9,Trevor Howard,7,Puka Nacua,WR,23.4
9,Trevor Howard,7,Ravens D/ST,DEF,11.0
9,Trevor Howard,7,Brett Maher,K,2.0
9,Trevor Howard,7,,Total Points,154.3
2,Show Me Your TDs,7,Christian McCaffrey,RB,22.6
2,Show Me Your TDs,7,Jalen Hurts,QB,23.259999999999998
2,Show Me Your TDs,7,Calvin Ridley,WR,1.5
2,Show Me Your TDs,7,James Conner,RB,0.0
2,Show Me Your TDs,7,DJ Moore,WR,13.4
2,Show Me Your TDs,7,Courtland Sutton,WR,19.6
2,Show Me Your TDs,7,Jake Elliott,K,7.0
2,Show Me Your TDs,7,Raheem Mostert,RB,6.1
2,Show Me Your TDs,7,Bills D/ST,DEF,1.0
2,Show Me Your TDs,7,Jonnu Smith,TE,5.7
2,Show Me Your TDs,7,,Total Points,100.16
8,Old(er) Kitchen,7,Cooper Kupp,WR,6.9
8,Old(er) Kitchen,7,T.J. Hockenson,TE,19.6
8,Old(er) Kitchen,7,Diontae Johnson,WR,12.9
8,Old(er) Kitchen,7,Isiah Pacheco,RB,16.0
8,Old(er) Kitchen,7,Jordan Addison,WR,31.3
8,Old(er) Kitchen,7,Brian Robinson Jr.,RB,8.3
8,Old(er) Kitchen,7,Jakobi Meyers,WR,18.0
8,Old(er) Kitchen,7,Dolphins D/ST,DEF,11.0
8,Old(er) Kitchen,7,Matt Prater,K,4.0
8,Old(er) Kitchen,7,Matthew Stafford,QB,14.04
8,Old(er) Kitchen,7,,Total Points,129.14
1,The Good Lookin Kitchen,7,Justin Jefferson,WR,0.0
1,The Good Lookin Kitchen,7,Josh Jacobs,RB,5.1
1,The Good Lookin Kitchen,7,Amon-Ra St. Brown,WR,23.200000000000003
1,The Good Lookin Kitchen,7,Keenan Allen,WR,9.5
1,The Good Lookin Kitchen,7,Alexander Mattison,RB,6.2
1,The Good Lookin Kitchen,7,Zay Flowers,WR,11.5
1,The Good Lookin Kitchen,7,Brandon McManus,K,8.0
1,The Good Lookin Kitchen,7,Sam LaPorta,TE,11.2
1,The Good Lookin Kitchen,7,Kyler Murray,QB,0.0
1,The Good Lookin Kitchen,7,Deshaun Watson,QB,-1.8
1,The Good Lookin Kitchen,7,Browns D/ST,DEF,12.0
1,The Good Lookin Kitchen,7,,Total Points,84.9
6,London Calling,7,Davante Adams,WR,12.7
6,London Calling,7,James Cook,RB,19.200000000000003
6,London Calling,7,Christian Watson,WR,5.7
6,London Calling,7,Dallas Goedert,TE,18.7
6,London Calling,7,Trevor Lawrence,QB,18.060000000000002
6,London Calling,7,Brandon Aiyuk,WR,10.7
6,London Calling,7,Justin Tucker,K,8.0
6,London Calling,7,Saints D/ST,DEF,4.0
6,London Calling,7,Tyler Allgeier,RB,14.200000000000001
6,London Calling,7,,Total Points,111.26
10,Stay off the  Weidhaas,8,Stefon Diggs,WR,16.0
10,Stay off the  Weidhaas,8,Travis Etienne Jr.,RB,25.9
10,Stay off the  Weidhaas,8,Chris Olave,WR,9.600000000000001
10,Stay off the  Weidhaas,8,Kyle Pitts,TE,6.5
10,Stay off the  Weidhaas,8,Justin Herbert,QB,24.02
10,Stay off the  Weidhaas,8,Mike Williams,WR,0.0
10,Stay off the  Weidhaas,8,Jonathan Taylor,RB,10.7
10,Stay off the  Weidhaas,8,Adam Thielen,WR,15.2
10,Stay off the  Weidhaas,8,Younghoe Koo,K,12.0
10,Stay off the  Weidhaas,8,Falcons D/ST,DEF,2.0
10,Stay off the  Weidhaas,8,,Total Points,121.92
3,Slim Pickens,8,CeeDee Lamb,WR,41.0
3,Slim Pickens,8,DeVonta Smith,WR,22.9
3,Slim Pickens,8,Patrick Mahomes,QB,5.6
3,Slim Pickens,8,Rachaad White,RB,17.9
3,Slim Pickens,8,George Pickens,WR,9.2
3,Slim Pickens,8,D'Andre Swift,RB,14.399999999999999
3,Slim Pickens,8,Tyler Bass,K,6.0
3,Slim Pickens,8,Jaguars D/ST,DEF,12.0
3,Slim Pickens,8,Dalton Kincaid,TE,17.5
3,Slim Pickens,8,,Total Points,146.5
7,Green Bowl Packers,8,Travis Kelce,TE,11.8
7,Green Bowl Packers,8,Bijan Robinson,RB,12.2
7,Green Bowl Packers,8,Jaylen Waddle,WR,25.1
7,Green Bowl Packers,8,DK Metcalf,WR,11.7
7,Green Bowl Packers,8,Miles Sanders,RB,0.0
7,Green Bowl Packers,8,Mike Evans,WR,12.9
7,Green Bowl Packers,8,Daniel Carlson,K,2.0
7,Green Bowl Packers,8,Eagles D/ST,DEF,-3.0
7,Green Bowl Packers,8,Jared Goff,QB,12.680000000000001
7,Green Bowl Packers,8,De'Von Achane,RB,0.0
7,Green Bowl Packers,8,,Total Points,85.38
5,Ridley Me This,8,Tony Pollard,RB,6.500000000000001
5,Ridley Me This,8,A.J. Brown,WR,33.0
5,Ridley Me This,8,Darren Waller,TE,1.4
5,Ridley Me This,8,Terry McLaurin,WR,17.3
5,Ridley Me This,8,Kenneth Walker III,RB,8.0
5,Ridley Me This,8,Marquise Brown,WR,15.3
5,Ridley Me This,8,Jason Sanders,K,7.0
5,Ridley Me This,8,C.J. Stroud,QB,12.9
5,Ridley Me This,8,Chargers D/ST,DEF,10.0
5,Ridley Me This,8,,Total Points,111.4
9,Trevor Howard,8,Saquon Barkley,RB,15.8
9,Trevor Howard,8,Joe Mixon,RB,20.000000000000004
9,Trevor Howard,8,Josh Allen,QB,29.060000000000002
9,Trevor Howard,8,Mark Andrews,TE,14.0
9,Trevor Howard,8,Christian Kirk,WR,8.600000000000001
9,Trevor Howard,8,Alvin Kamara,RB,27.0
9,Trevor Howard,8,Puka Nacua,WR,7.3
9,Trevor Howard,8,Ravens D/ST,DEF,6.0
9,Trevor Howard,8,Ka'imi Fairbairn,K,1.0
9,Trevor Howard,8,,Total Points,128.76
2,Show Me Your TDs,8,Christian McCaffrey,RB,29.799999999999997
2,Show Me Your TDs,8,Garrett Wilson,WR,17.6
2,Show Me Your TDs,8,Jalen Hurts,QB,27.36
2,Show Me Your TDs,8,Calvin Ridley,WR,14.3
2,Show Me Your TDs,8,James Conner,RB,0.0
2,Show Me Your TDs,8,DJ Moore,WR,9.5
2,Show Me Your TDs,8,Jake Elliott,K,10.0
2,Show Me Your TDs,8,Raheem Mostert,RB,10.600000000000001
2,Show Me Your TDs,8,49ers D/ST,DEF,1.0
2,Show Me Your TDs,8,Jake Ferguson,TE,14.7
2,Show Me Your TDs,8,,Total Points,134.86
8,Old(er) Kitchen,8,Cooper Kupp,WR,6.1
8,Old(er) Kitchen,8,Breece Hall,RB,21.3
8,Old(er) Kitchen,8,T.J. Hockenson,TE,20.8
8,Old(er) Kitchen,8,Diontae Johnson,WR,16.5
8,Old(er) Kitchen,8,Isiah Pacheco,RB,6.7
8,Old(er) Kitchen,8,Jordan Addison,WR,21.4
8,Old(er) Kitchen,8,Jakobi Meyers,WR,2.9000000000000004
8,Old(er) Kitchen,8,Dolphins D/ST,DEF,8.0
8,Old(er) Kitchen,8,Matt Prater,K,5.0
8,Old(er) Kitchen,8,Matthew Stafford,QB,11.38
8,Old(er) Kitchen,8,,Total Points,103.58
1,The Good Lookin Kitchen,8,Justin Jefferson,WR,0.0
1,The Good Lookin Kitchen,8,Josh Jacobs,RB,16.8
1,The Good Lookin Kitchen,8,Rhamondre Stevenson,RB,7.0
1,The Good Lookin Kitchen,8,Keenan Allen,WR,14.9
1,The Good Lookin Kitchen,8,Tyler Lockett,WR,22.1
1,The Good Lookin Kitchen,8,Zay Flowers,WR,6.9
1,The Good Lookin Kitchen,8,Brandon McManus,K,16.0
1,The Good Lookin Kitchen,8,Sam LaPorta,TE,19.7
1,The Good Lookin Kitchen,8,Kyler Murray,QB,0.0
1,The Good Lookin Kitchen,8,Browns D/ST,DEF,4.0
1,The Good Lookin Kitchen,8,Sam Howell,QB,30.98
1,The Good Lookin Kitchen,8,,Total Points,138.38
6,London Calling,8,Ja'Marr Chase,WR,25.2
6,London Calling,8,James Cook,RB,8.3
6,London Calling,8,Christian Watson,WR,6.300000000000001
6,London Calling,8,Dallas Goedert,TE,7.6
6,London Calling,8,Trevor Lawrence,QB,14.68
6,London Calling,8,Brandon Aiyuk,WR,15.9
6,London Calling,8,Justin Tucker,K,7.0
6,London Calling,8,Saints D/ST,DEF,3.0
6,London Calling,8,Tyler Allgeier,RB,3.1
6,London Calling,8,,Total Points,91.08
4,Alex Moran,8,Austin Ekeler,RB,23.3
4,Alex Moran,8,Tyreek Hill,WR,25.200000000000003
4,Alex Moran,8,Jahmyr Gibbs,RB,29.900000000000002
4,Alex Moran,8,Lamar Jackson,QB,11.98
4,Alex Moran,8,George Kittle,TE,23.9
4,Alex Moran,8,Chris Godwin,WR,17.8
4,Alex Moran,8,Harrison Butker,K,11.0
4,Alex Moran,8,Kyren Williams,RB,0.0
4,Alex Moran,8,Michael Thomas,WR,10.8
4,Alex Moran,8,Chiefs D/ST,DEF,12.0
4,Alex Moran,8,,Total Points,165.88
5,Ridley Me This,9,Tony Pollard,RB,9.3
5,Ridley Me This,9,A.J. Brown,WR,19.6
5,Ridley Me This,9,Terry McLaurin,WR,12.3
5,Ridley Me This,9,Kenneth Walker III,RB,2.7
5,Ridley Me This,9,Khalil Herbert,RB,0.0
5,Ridley Me This,9,DeAndre Hopkins,WR,10.5
5,Ridley Me This,9,Jason Sanders,K,2.0
5,Ridley Me This,9,C.J. Stroud,QB,41.8
5,Ridley Me This,9,Chargers D/ST,DEF,26.0
5,Ridley Me This,9,Taysom Hill,TE,20.62
5,Ridley Me This,9,,Total Points,144.82
10,Stay off the  Weidhaas,9,Stefon Diggs,WR,22.6
10,Stay off the  Weidhaas,9,Derrick Henry,RB,19.2
10,Stay off the  Weidhaas,9,Chris Olave,WR,16.6
10,Stay off the  Weidhaas,9,Kyle Pitts,TE,9.600000000000001
10,Stay off the  Weidhaas,9,Mike Williams,WR,0.0
10,Stay off the  Weidhaas,9,Jonathan Taylor,RB,17.9
10,Stay off the  Weidhaas,9,Tua Tagovailoa,QB,12.42
10,Stay off the  Weidhaas,9,Adam Thielen,WR,7.9
10,Stay off the  Weidhaas,9,Younghoe Koo,K,19.0
10,Stay off the  Weidhaas,9,Falcons D/ST,DEF,8.0
10,Stay off the  Weidhaas,9,,Total Points,133.22
2,Show Me Your TDs,9,Garrett Wilson,WR,13.0
2,Show Me Your TDs,9,Jalen Hurts,QB,25.880000000000003
2,Show Me Your TDs,9,James Conner,RB,0.0
2,Show Me Your TDs,9,DJ Moore,WR,5.4
2,Show Me Your TDs,9,Jake Elliott,K,4.0
2,Show Me Your TDs,9,Raheem Mostert,RB,14.5
2,Show Me Your TDs,9,Rashee Rice,WR,9.7
2,Show Me Your TDs,9,David Njoku,TE,12.6
2,Show Me Your TDs,9,Giants D/ST,DEF,-1.0
2,Show Me Your TDs,9,Devin Singletary,RB,4.6
2,Show Me Your TDs,9,,Total Points,88.68
3,Slim Pickens,9,CeeDee Lamb,WR,28.1
3,Slim Pickens,9,DeVonta Smith,WR,14.100000000000001
3,Slim Pickens,9,Patrick Mahomes,QB,15.8
3,Slim Pickens,9,Rachaad White,RB,27.900000000000002
3,Slim Pickens,9,George Pickens,WR,1.9
3,Slim Pickens,9,D'Andre Swift,RB,9.4
3,Slim Pickens,9,Tyler Bass,K,4.0
3,Slim Pickens,9,Dalton Kincaid,TE,16.1
3,Slim Pickens,9,Vikings D/ST,DEF,4.0
3,Slim Pickens,9,,Total Points,121.3
7,Green Bowl Packers,9,Travis Kelce,TE,4.4
7,Green Bowl Packers,9,Bijan Robinson,RB,5.9
7,Green Bowl Packers,9,Jaylen Waddle,WR,8.4
7,Green Bowl Packers,9,DK Metcalf,WR,6.0
7,Green Bowl Packers,9,Joe Burrow,QB,22.32
7,Green Bowl Packers,9,Mike Evans,WR,12.700000000000001
7,Green Bowl Packers,9,Daniel Carlson,K,14.0
7,Green Bowl Packers,9,De'Von Achane,RB,0.0
7,Green Bowl Packers,9,Joshua Palmer,WR,0.0
7,Green Bowl Packers,9,Chuba Hubbard,RB,10.700000000000001
7,Green Bowl Packers,9,Raiders D/ST,DEF,18.0
7,Green Bowl Packers,9,,Total Points,102.42
6,London Calling,9,Ja'Marr Chase,WR,8.100000000000001
6,London Calling,9,Davante Adams,WR,7.4
6,London Calling,9,James Cook,RB,7.9
6,London Calling,9,Christian Watson,WR,4.7
6,London Calling,9,Dallas Goedert,TE,8.0
6,London Calling,9,Justin Tucker,K,14.0
6,London Calling,9,Saints D/ST,DEF,12.0
6,London Calling,9,Tyler Allgeier,RB,11.0
6,London Calling,9,Baker Mayfield,QB,19.0
6,London Calling,9,,Total Points,92.1
1,The Good Lookin Kitchen,9,Justin Jefferson,WR,0.0
1,The Good Lookin Kitchen,9,Josh Jacobs,RB,21.8
1,The Good Lookin Kitchen,9,Rhamondre Stevenson,RB,22.900000000000002
1,The Good Lookin Kitchen,9,Keenan Allen,WR,15.7
1,The Good Lookin Kitchen,9,Zay Flowers,WR,2.1
1,The Good Lookin Kitchen,9,Kyler Murray,QB,0.0
1,The Good Lookin Kitchen,9,Josh Downs,WR,2.0
1,The Good Lookin Kitchen,9,Browns D/ST,DEF,23.0
1,The Good Lookin Kitchen,9,Sam Howell,QB,17.7
1,The Good Lookin Kitchen,9,Logan Thomas,TE,7.1
1,The Good Lookin Kitchen,9,Evan McPherson,K,6.0
1,The Good Lookin Kitchen,9,,Total Points,118.3
4,Alex Moran,9,Austin Ekeler,RB,21.0
4,Alex Moran,9,Tyreek Hill,WR,12.5
4,Alex Moran,9,Lamar Jackson,QB,11.48
4,Alex Moran,9,Chris Godwin,WR,3.6
4,Alex Moran,9,Harrison Butker,K,3.0
4,Alex Moran,9,Steelers D/ST,DEF,7.0
4,Alex Moran,9,Dalton Schultz,TE,27.0
4,Alex Moran,9,Kyren Williams,RB,0.0
4,Alex Moran,9,Michael Thomas,WR,0.0
4,Alex Moran,9,Darrell Henderson Jr.,RB,5.5
4,Alex Moran,9,,Total Points,91.08
9,Trevor Howard,9,Saquon Barkley,RB,14.3
9,Trevor Howard,9,Joe Mixon,RB,17.8
9,Trevor Howard,9,Josh Allen,QB,24.72
9,Trevor Howard,9,Mark Andrews,TE,17.0
9,Trevor Howard,9,Amari Cooper,WR,24.9
9,Trevor Howard,9,Alvin Kamara,RB,11.0
9,Trevor Howard,9,Puka Nacua,WR,6.2
9,Trevor Howard,9,Kendrick Bourne,WR,0.0
9,Trevor Howard,9,Ravens D/ST,DEF,15.0
9,Trevor Howard,9,Ka'imi Fairbairn,K,6.0
9,Trevor Howard,9,,Total Points,136.92
8,Old(er) Kitchen,9,Cooper Kupp,WR,6.800000000000001
8,Old(er) Kitchen,9,Breece Hall,RB,10.0
8,Old(er) Kitchen,9,T.J. Hockenson,TE,13.9
8,Old(er) Kitchen,9,Diontae Johnson,WR,22.0
8,Old(er) Kitchen,9,Isiah Pacheco,RB,6.6000000000000005
8,Old(er) Kitchen,9,Jordan Addison,WR,10.2
8,Old(er) Kitchen,9,Jakobi Meyers,WR,13.5
8,Old(er) Kitchen,9,Dolphins D/ST,DEF,7.0
8,Old(er) Kitchen,9,Jordan Love,QB,13.82
8,Old(er) Kitchen,9,Matt Prater,K,0.0
8,Old(er) Kitchen,9,,Total Points,81.82
2,Show Me Your TDs,10,Christian McCaffrey,RB,20.2
2,Show Me Your TDs,10,Garrett Wilson,WR,18.3
2,Show Me Your TDs,10,Calvin Ridley,WR,4.0
2,Show Me Your TDs,10,DJ Moore,WR,10.9
2,Show Me Your TDs,10,Javonte Williams,RB,21.0
2,Show Me Your TDs,10,David Njoku,TE,11.8
2,Show Me Your TDs,10,Cowboys D/ST,DEF,11.0
2,Show Me Your TDs,10,Brandon Aubrey,K,7.0
2,Show Me Your TDs,10,Brock Purdy,QB,23.84
2,Show Me Your TDs,10,,Total Points,128.04
7,Green Bowl Packers,10,Bijan Robinson,RB,17.6
7,Green Bowl Packers,10,DK Metcalf,WR,16.8
7,Green Bowl Packers,10,Joe Burrow,QB,19.880000000000003
7,Green Bowl Packers,10,Mike Evans,WR,26.3
7,Green Bowl Packers,10,Michael Pittman Jr.,WR,16.4
7,Green Bowl Packers,10,Daniel Carlson,K,14.0
7,Green Bowl Packers,10,Jerome Ford,RB,11.9
7,Green Bowl Packers,10,De'Von Achane,RB,0.0
7,Green Bowl Packers,10,Joshua Palmer,WR,0.0
7,Green Bowl Packers,10,Jake Ferguson,TE,12.6
7,Green Bowl Packers,10,Seahawks D/ST,DEF,4.0
7,Green Bowl Packers,10,,Total Points,139.48
1,The Good Lookin Kitchen,10,Justin Jefferson,WR,0.0
1,The Good Lookin Kitchen,10,Josh Jacobs,RB,12.700000000000001
1,The Good Lookin Kitchen,10,Amon-Ra St. Brown,WR,30.5
1,The Good Lookin Kitchen,10,Rhamondre Stevenson,RB,13.200000000000001
1,The Good Lookin Kitchen,10,Keenan Allen,WR,40.5
1,The Good Lookin Kitchen,10,Tyler Lockett,WR,23.200000000000003
1,The Good Lookin Kitchen,10,Sam LaPorta,TE,8.0
1,The Good Lookin Kitchen,10,Kyler Murray,QB,17.26
1,The Good Lookin Kitchen,10,Browns D/ST,DEF,15.0
1,The Good Lookin Kitchen,10,Sam Howell,QB,24.18
1,The Good Lookin Kitchen,10,Evan McPherson,K,11.0
1,The Good Lookin Kitchen,10,,Total Points,178.28
5,Ridley Me This,10,Tony Pollard,RB,5.5
5,Ridley Me This,10,Deebo Samuel,WR,15.9
5,Ridley Me This,10,Terry McLaurin,WR,7.300000000000001
5,Ridley Me This,10,Kenneth Walker III,RB,19.700000000000003
5,Ridley Me This,10,Khalil Herbert,RB,0.0
5,Ridley Me This,10,DeAndre Hopkins,WR,5.7
5,Ridley Me This,10,C.J. Stroud,QB,19.04
5,Ridley Me This,10,Chargers D/ST,DEF,-9.0
5,Ridley Me This,10,Taysom Hill,TE,4.300000000000001
5,Ridley Me This,10,Cameron Dicker,K,9.0
5,Ridley Me This,10,,Total Points,77.44
10,Stay off the  Weidhaas,10,Stefon Diggs,WR,6.4
10,Stay off the  Weidhaas,10,Travis Etienne Jr.,RB,6.4
10,Stay off the  Weidhaas,10,Chris Olave,WR,21.4
10,Stay off the  Weidhaas,10,Justin Herbert,QB,28.42
10,Stay off the  Weidhaas,10,Mike Williams,WR,0.0
10,Stay off the  Weidhaas,10,Jonathan Taylor,RB,14.5
10,Stay off the  Weidhaas,10,Evan Engram,TE,5.2
10,Stay off the  Weidhaas,10,Adam Thielen,WR,10.2
10,Stay off the  Weidhaas,10,Younghoe Koo,K,5.0
10,Stay off the  Weidhaas,10,Falcons D/ST,DEF,3.0
10,Stay off the  Weidhaas,10,,Total Points,100.52
9,Trevor Howard,10,Saquon Barkley,RB,7.1000000000000005
9,Trevor Howard,10,Joe Mixon,RB,12.500000000000002
9,Trevor Howard,10,Josh Allen,QB,14.379999999999999
9,Trevor Howard,10,Mark Andrews,TE,6.4
9,Trevor Howard,10,Amari Cooper,WR,15.8
9,Trevor Howard,10,Christian Kirk,WR,14.4
9,Trevor Howard,10,Alvin Kamara,RB,18.5
9,Trevor Howard,10,Kendrick Bourne,WR,0.0
9,Trevor Howard,10,Ravens D/ST,DEF,13.0
9,Trevor Howard,10,Brandon McManus,K,3.0
9,Trevor Howard,10,,Total Points,105.08
4,Alex Moran,10,Austin Ekeler,RB,21.5
4,Alex Moran,10,Jahmyr Gibbs,RB,26.2
4,Alex Moran,10,George Kittle,TE,20.6
4,Alex Moran,10,Chris Godwin,WR,9.4
4,Alex Moran,10,Steelers D/ST,DEF,6.0
4,Alex Moran,10,Dak Prescott,QB,37.86
4,Alex Moran,10,Dalton Schultz,TE,11.100000000000001
4,Alex Moran,10,Kyren Williams,RB,0.0
4,Alex Moran,10,Tank Dell,WR,18.900000000000002
4,Alex Moran,10,Matt Gay,K,5.0
4,Alex Moran,10,,Total Points,156.56
3,Slim Pickens,10,CeeDee Lamb,WR,39.5
3,Slim Pickens,10,Rachaad White,RB,17.8
3,Slim Pickens,10,George Pickens,WR,7.5
3,Slim Pickens,10,Tyler Bass,K,2.0
3,Slim Pickens,10,Nico Collins,WR,0.0
3,Slim Pickens,10,Dalton Kincaid,TE,16.1
3,Slim Pickens,10,Will Levis,QB,5.96
3,Slim Pickens,10,Raiders D/ST,DEF,6.0
3,Slim Pickens,10,Devin Singletary,RB,23.1
3,Slim Pickens,10,,Total Points,117.96
6,London Calling,10,Ja'Marr Chase,WR,23.4
6,London Calling,10,Davante Adams,WR,14.6
6,London Calling,10,James Cook,RB,12.0
6,London Calling,10,Christian Watson,WR,4.300000000000001
6,London Calling,10,Justin Tucker,K,6.0
6,London Calling,10,Saints D/ST,DEF,0.0
6,London Calling,10,Tyler Allgeier,RB,4.8
6,London Calling,10,Baker Mayfield,QB,18.32
6,London Calling,10,Jonnu Smith,TE,1.1
6,London Calling,10,,Total Points,84.52
8,Old(er) Kitchen,10,Aaron Jones,RB,9.4
8,Old(er) Kitchen,10,Tee Higgins,WR,0.0
8,Old(er) Kitchen,10,Breece Hall,RB,10.5
8,Old(er) Kitchen,10,T.J. Hockenson,TE,30.4
8,Old(er) Kitchen,10,Jordan Addison,WR,10.9
8,Old(er) Kitchen,10,Jakobi Meyers,WR,4.1
8,Old(er) Kitchen,10,Jordan Love,QB,16.66
8,Old(er) Kitchen,10,Matt Prater,K,18.0
8,Old(er) Kitchen,10,Matthew Stafford,QB,0.0
8,Old(er) Kitchen,10,Bills D/ST,DEF,6.0
8,Old(er) Kitchen,10,,Total Points,105.96
1,The Good Lookin Kitchen,11,Josh Jacobs,RB,6.1000000000000005
1,The Good Lookin Kitchen,11,Amon-Ra St. Brown,WR,21.7
1,The Good Lookin Kitchen,11,Keenan Allen,WR,27.6
1,The Good Lookin Kitchen,11,Tyler Lockett,WR,10.100000000000001
1,The Good Lookin Kitchen,11,Jaylen Warren,RB,23.5
1,The Good Lookin Kitchen,11,Sam LaPorta,TE,6.8
1,The Good Lookin Kitchen,11,Kyler Murray,QB,21.660000000000004
1,The Good Lookin Kitchen,11,Browns D/ST,DEF,8.0
1,The Good Lookin Kitchen,11,Evan McPherson,K,9.0
1,The Good Lookin Kitchen,11,,Total Points,134.46
9,Trevor Howard,11,Saquon Barkley,RB,30.0
9,Trevor Howard,11,Joe Mixon,RB,21.0
9,Trevor Howard,11,Josh Allen,QB,22.5
9,Trevor Howard,11,Mark Andrews,TE,4.300000000000001
9,Trevor Howard,11,Amari Cooper,WR,7.4
9,Trevor Howard,11,Christian Kirk,WR,7.800000000000001
9,Trevor Howard,11,Puka Nacua,WR,18.7
9,Trevor Howard,11,Kendrick Bourne,WR,0.0
9,Trevor Howard,11,Ravens D/ST,DEF,7.0
9,Trevor Howard,11,Jake Elliott,K,3.0
9,Trevor Howard,11,,Total Points,121.7
2,Show Me Your TDs,11,Christian McCaffrey,RB,21.3
2,Show Me Your TDs,11,Garrett Wilson,WR,0.9
2,Show Me Your TDs,11,Jalen Hurts,QB,18.9
2,Show Me Your TDs,11,James Conner,RB,8.299999999999999
2,Show Me Your TDs,11,DJ Moore,WR,22.6
2,Show Me Your TDs,11,Javonte Williams,RB,7.300000000000001
2,Show Me Your TDs,11,Cowboys D/ST,DEF,23.0
2,Show Me Your TDs,11,Brandon Aubrey,K,9.0
2,Show Me Your TDs,11,Trey McBride,TE,9.3
2,Show Me Your TDs,11,,Total Points,120.6
4,Alex Moran,11,Austin Ekeler,RB,7.0
4,Alex Moran,11,Tyreek Hill,WR,30.6
4,Alex Moran,11,Jahmyr Gibbs,RB,21.5
4,Alex Moran,11,George Kittle,TE,22.9
4,Alex Moran,11,Chris Godwin,WR,9.9
4,Alex Moran,11,Harrison Butker,K,6.0
4,Alex Moran,11,Steelers D/ST,DEF,8.0
4,Alex Moran,11,Dak Prescott,QB,16.16
4,Alex Moran,11,Kyren Williams,RB,0.0
4,Alex Moran,11,Tank Dell,WR,28.9
4,Alex Moran,11,,Total Points,150.96
8,Old(er) Kitchen,11,Cooper Kupp,WR,2.1
8,Old(er) Kitchen,11,Aaron Jones,RB,2.7
8,Old(er) Kitchen,11,Breece Hall,RB,18.3
8,Old(er) Kitchen,11,T.J. Hockenson,TE,9.5
8,Old(er) Kitchen,11,Diontae Johnson,WR,3.6
8,Old(er) Kitchen,11,Brian Robinson Jr.,RB,20.200000000000003
8,Old(er) Kitchen,11,Jordan Love,QB,20.880000000000003
8,Old(er) Kitchen,11,Matt Prater,K,6.0
8,Old(er) Kitchen,11,Matthew Stafford,QB,9.700000000000001
8,Old(er) Kitchen,11,Bills D/ST,DEF,21.0
8,Old(er) Kitchen,11,,Total Points,104.28
7,Green Bowl Packers,11,Travis Kelce,TE,15.4
7,Green Bowl Packers,11,Jaylen Waddle,WR,9.5
7,Green Bowl Packers,11,DK Metcalf,WR,20.4
7,Green Bowl Packers,11,Joe Burrow,QB,8.74
7,Green Bowl Packers,11,Mike Evans,WR,15.3
7,Green Bowl Packers,11,Daniel Carlson,K,8.0
7,Green Bowl Packers,11,Jerome Ford,RB,11.9
7,Green Bowl Packers,11,De'Von Achane,RB,1.5
7,Green Bowl Packers,11,Joshua Palmer,WR,0.0
7,Green Bowl Packers,11,Lions D/ST,DEF,6.0
7,Green Bowl Packers,11,,Total Points,96.74
5,Ridley Me This,11,Tony Pollard,RB,18.0
5,Ridley Me This,11,A.J. Brown,WR,1.8
5,Ridley Me This,11,Deebo Samuel,WR,9.200000000000001
5,Ridley Me This,11,Kenneth Walker III,RB,2.5999999999999996
5,Ridley Me This,11,David Montgomery,RB,17.8
5,Ridley Me This,11,Khalil Herbert,RB,6.1
5,Ridley Me This,11,C.J. Stroud,QB,15.34
5,Ridley Me This,11,Chargers D/ST,DEF,2.0
5,Ridley Me This,11,Cameron Dicker,K,8.0
5,Ridley Me This,11,Tyler Conklin,TE,3.8
5,Ridley Me This,11,,Total Points,78.54
3,Slim Pickens,11,CeeDee Lamb,WR,16.5
3,Slim Pickens,11,Patrick Mahomes,QB,16.880000000000003
3,Slim Pickens,11,Rachaad White,RB,17.8
3,Slim Pickens,11,D'Andre Swift,RB,19.700000000000003
3,Slim Pickens,11,Tyler Bass,K,17.0
3,Slim Pickens,11,Nico Collins,WR,13.5
3,Slim Pickens,11,Dalton Kincaid,TE,10.600000000000001
3,Slim Pickens,11,Devin Singletary,RB,19.800000000000004
3,Slim Pickens,11,Vikings D/ST,DEF,4.0
3,Slim Pickens,11,,Total Points,135.78
6,London Calling,11,Ja'Marr Chase,WR,9.2
6,London Calling,11,Davante Adams,WR,21.200000000000003
6,London Calling,11,James Cook,RB,19.200000000000003
6,London Calling,11,Trevor Lawrence,QB,32.18
6,London Calling,11,Brandon Aiyuk,WR,26.6
6,London Calling,11,AJ Dillon,RB,10.100000000000001
6,London Calling,11,Justin Tucker,K,11.0
6,London Calling,11,Tyler Higbee,TE,2.7
6,London Calling,11,Jets D/ST,DEF,1.0
6,London Calling,11,,Total Points,133.18
10,Stay off the  Weidhaas,11,Stefon Diggs,WR,6.7
10,Stay off the  Weidhaas,11,Derrick Henry,RB,5.4
10,Stay off the  Weidhaas,11,Travis Etienne Jr.,RB,8.899999999999999
10,Stay off the  Weidhaas,11,Justin Herbert,QB,25.700000000000003
10,Stay off the  Weidhaas,11,Mike Williams,WR,0.0
10,Stay off the  Weidhaas,11,Evan Engram,TE,6.9
10,Stay off the  Weidhaas,11,Adam Thielen,WR,15.4
10,Stay off the  Weidhaas,11,Gus Edwards,RB,21.0
10,Stay off the  Weidhaas,11,Commanders D/ST,DEF,11.0
10,Stay off the  Weidhaas,11,Jason Myers,K,14.0
10,Stay off the  Weidhaas,11,,Total Points,115.0
4,Alex Moran,12,Austin Ekeler,RB,9.4
4,Alex Moran,12,Tyreek Hill,WR,25.4
4,Alex Moran,12,Jahmyr Gibbs,RB,11.3
4,Alex Moran,12,George Kittle,TE,4.9
4,Alex Moran,12,Harrison Butker,K,7.0
4,Alex Moran,12,Dak Prescott,QB,32.24
4,Alex Moran,12,Kyren Williams,RB,38.4
4,Alex Moran,12,Tank Dell,WR,17.2
4,Alex Moran,12,Michael Thomas,WR,0.0
4,Alex Moran,12,Chiefs D/ST,DEF,1.0
4,Alex Moran,12,,Total Points,146.84
8,Old(er) Kitchen,12,Cooper Kupp,WR,4.8
8,Old(er) Kitchen,12,Aaron Jones,RB,0.0
8,Old(er) Kitchen,12,Breece Hall,RB,11.9
8,Old(er) Kitchen,12,T.J. Hockenson,TE,16.0
8,Old(er) Kitchen,12,Diontae Johnson,WR,9.0
8,Old(er) Kitchen,12,Brian Robinson Jr.,RB,8.4
8,Old(er) Kitchen,12,Jordan Love,QB,26.62
8,Old(er) Kitchen,12,Matt Prater,K,-1.0
8,Old(er) Kitchen,12,Matthew Stafford,QB,23.36
8,Old(er) Kitchen,12,Bills D/ST,DEF,2.0
8,Old(er) Kitchen,12,,Total Points,77.72
3,Slim Pickens,12,CeeDee Lamb,WR,17.3
3,Slim Pickens,12,DeVonta Smith,WR,23.6
3,Slim Pickens,12,Patrick Mahomes,QB,20.82
3,Slim Pickens,12,Rachaad White,RB,13.0
3,Slim Pickens,12,D'Andre Swift,RB,9.4
3,Slim Pickens,12,Tyler Bass,K,10.0
3,Slim Pickens,12,Nico Collins,WR,23.4
3,Slim Pickens,12,Dalton Kincaid,TE,8.8
3,Slim Pickens,12,Vikings D/ST,DEF,10.0
3,Slim Pickens,12,,Total Points,136.32
1,The Good Lookin Kitchen,12,Josh Jacobs,RB,22.5
1,The Good Lookin Kitchen,12,Amon-Ra St. Brown,WR,18.5
1,The Good Lookin Kitchen,12,Rhamondre Stevenson,RB,21.7
1,The Good Lookin Kitchen,12,Keenan Allen,WR,22.6
1,The Good Lookin Kitchen,12,Jaylen Warren,RB,7.2
1,The Good Lookin Kitchen,12,Sam LaPorta,TE,17.7
1,The Good Lookin Kitchen,12,Kyler Murray,QB,20.439999999999998
1,The Good Lookin Kitchen,12,Browns D/ST,DEF,5.0
1,The Good Lookin Kitchen,12,Evan McPherson,K,5.0
1,The Good Lookin Kitchen,12,,Total Points,140.64
9,Trevor Howard,12,Saquon Barkley,RB,6.200000000000001
9,Trevor Howard,12,Joe Mixon,RB,8.0
9,Trevor Howard,12,Josh Allen,QB,39.660000000000004
9,Trevor Howard,12,Christian Kirk,WR,12.9
9,Trevor Howard,12,Alvin Kamara,RB,15.9
9,Trevor Howard,12,Cole Kmet,TE,11.3
9,Trevor Howard,12,Puka Nacua,WR,6.7
9,Trevor Howard,12,Kendrick Bourne,WR,0.0
9,Trevor Howard,12,Ravens D/ST,DEF,16.0
9,Trevor Howard,12,Jake Elliott,K,9.0
9,Trevor Howard,12,,Total Points,125.66
6,London Calling,12,Ja'Marr Chase,WR,12.1
6,London Calling,12,Davante Adams,WR,12.3
6,London Calling,12,James Cook,RB,16.0
6,London Calling,12,Trevor Lawrence,QB,24.560000000000002
6,London Calling,12,Brandon Aiyuk,WR,13.0
6,London Calling,12,AJ Dillon,RB,11.1
6,London Calling,12,Justin Tucker,K,9.0
6,London Calling,12,Jets D/ST,DEF,12.0
6,London Calling,12,Jonnu Smith,TE,0.0
6,London Calling,12,,Total Points,110.06
5,Ridley Me This,12,Tony Pollard,RB,22.299999999999997
5,Ridley Me This,12,A.J. Brown,WR,14.7
5,Ridley Me This,12,Deebo Samuel,WR,22.4
5,Ridley Me This,12,Terry McLaurin,WR,9.0
5,Ridley Me This,12,David Montgomery,RB,15.100000000000001
5,Ridley Me This,12,Khalil Herbert,RB,5.800000000000001
5,Ridley Me This,12,C.J. Stroud,QB,30.86
5,Ridley Me This,12,Chargers D/ST,DEF,1.0
5,Ridley Me This,12,Taysom Hill,TE,8.1
5,Ridley Me This,12,Cameron Dicker,K,4.0
5,Ridley Me This,12,,Total Points,127.46
2,Show Me Your TDs,12,Christian McCaffrey,RB,30.9
2,Show Me Your TDs,12,Garrett Wilson,WR,17.4
2,Show Me Your TDs,12,Jalen Hurts,QB,34.5
2,Show Me Your TDs,12,James Conner,RB,7.2
2,Show Me Your TDs,12,DJ Moore,WR,22.4
2,Show Me Your TDs,12,Raheem Mostert,RB,21.4
2,Show Me Your TDs,12,Cowboys D/ST,DEF,14.0
2,Show Me Your TDs,12,Brandon Aubrey,K,9.0
2,Show Me Your TDs,12,Trey McBride,TE,13.0
2,Show Me Your TDs,12,,Total Points,169.8
7,Green Bowl Packers,12,Travis Kelce,TE,15.1
7,Green Bowl Packers,12,Bijan Robinson,RB,27.3
7,Green Bowl Packers,12,Jaylen Waddle,WR,19.4
7,Green Bowl Packers,12,Mike Evans,WR,25.0
7,Green Bowl Packers,12,Michael Pittman Jr.,WR,20.700000000000003
7,Green Bowl Packers,12,Daniel Carlson,K,4.0
7,Green Bowl Packers,12,Jerome Ford,RB,11.9
7,Green Bowl Packers,12,Joshua Palmer,WR,0.0
7,Green Bowl Packers,12,Justin Fields,QB,10.58
7,Green Bowl Packers,12,Dolphins D/ST,DEF,23.0
7,Green Bowl Packers,12,,Total Points,156.98
10,Stay off the  Weidhaas,12,Stefon Diggs,WR,19.4
10,Stay off the  Weidhaas,12,Derrick Henry,RB,20.6
10,Stay off the  Weidhaas,12,Travis Etienne Jr.,RB,12.600000000000001
10,Stay off the  Weidhaas,12,Justin Herbert,QB,13.379999999999999
10,Stay off the  Weidhaas,12,Mike Williams,WR,0.0
10,Stay off the  Weidhaas,12,Jonathan Taylor,RB,21.1
10,Stay off the  Weidhaas,12,Evan Engram,TE,9.9
10,Stay off the  Weidhaas,12,Adam Thielen,WR,1.2
10,Stay off the  Weidhaas,12,Jason Myers,K,8.0
10,Stay off the  Weidhaas,12,Patriots D/ST,DEF,13.0
10,Stay off the  Weidhaas,12,,Total Points,119.18
3,Slim Pickens,13,CeeDee Lamb,WR,32.6
3,Slim Pickens,13,DeVonta Smith,WR,24.6
3,Slim Pickens,13,Patrick Mahomes,QB,13.0
3,Slim Pickens,13,Rachaad White,RB,19.599999999999998
3,Slim Pickens,13,D'Andre Swift,RB,4.0
3,Slim Pickens,13,Nico Collins,WR,34.1
3,Slim Pickens,13,Pat Freiermuth,TE,5.9
3,Slim Pickens,13,Falcons D/ST,DEF,16.0
3,Slim Pickens,13,Nick Folk,K,9.0
3,Slim Pickens,13,,Total Points,158.8
6,London Calling,13,Ja'Marr Chase,WR,31.619999999999997
6,London Calling,13,Christian Watson,WR,27.6
6,London Calling,13,Trevor Lawrence,QB,25.12
6,London Calling,13,Brandon Aiyuk,WR,15.600000000000001
6,London Calling,13,AJ Dillon,RB,9.700000000000001
6,London Calling,13,Justin Tucker,K,0.0
6,London Calling,13,Tyler Allgeier,RB,2.6
6,London Calling,13,Jets D/ST,DEF,11.0
6,London Calling,13,Jonnu Smith,TE,3.0
6,London Calling,13,,Total Points,126.24
4,Alex Moran,13,Austin Ekeler,RB,4.7
4,Alex Moran,13,Tyreek Hill,WR,32.300000000000004
4,Alex Moran,13,Jahmyr Gibbs,RB,6.4
4,Alex Moran,13,George Kittle,TE,10.8
4,Alex Moran,13,Harrison Butker,K,7.0
4,Alex Moran,13,Dak Prescott,QB,28.26
4,Alex Moran,13,Dalton Schultz,TE,0.0
4,Alex Moran,13,Kyren Williams,RB,20.200000000000003
4,Alex Moran,13,Tank Dell,WR,0.0
4,Alex Moran,13,Michael Thomas,WR,0.0
4,Alex Moran,13,Chiefs D/ST,DEF,1.0
4,Alex Moran,13,,Total Points,110.66
5,Ridley Me This,13,Tony Pollard,RB,17.3
5,Ridley Me This,13,A.J. Brown,WR,19.4
5,Ridley Me This,13,Deebo Samuel,WR,35.8
5,Ridley Me This,13,Terry McLaurin,WR,0.0
5,Ridley Me This,13,David Montgomery,RB,12.500000000000002
5,Ridley Me This,13,Khalil Herbert,RB,0.0
5,Ridley Me This,13,C.J. Stroud,QB,16.060000000000002
5,Ridley Me This,13,Chargers D/ST,DEF,14.0
5,Ridley Me This,13,Taysom Hill,TE,15.4
5,Ridley Me This,13,Cameron Dicker,K,6.0
5,Ridley Me This,13,,Total Points,136.46
10,Stay off the  Weidhaas,13,Derrick Henry,RB,25.000000000000004
10,Stay off the  Weidhaas,13,Travis Etienne Jr.,RB,17.9
10,Stay off the  Weidhaas,13,Chris Olave,WR,16.9
10,Stay off the  Weidhaas,13,Justin Herbert,QB,7.98
10,Stay off the  Weidhaas,13,Mike Williams,WR,0.0
10,Stay off the  Weidhaas,13,Evan Engram,TE,23.200000000000003
10,Stay off the  Weidhaas,13,Adam Thielen,WR,5.5
10,Stay off the  Weidhaas,13,Rashee Rice,WR,14.4
10,Stay off the  Weidhaas,13,Rams D/ST,DEF,6.0
10,Stay off the  Weidhaas,13,Jake Moody,K,6.0
10,Stay off the  Weidhaas,13,,Total Points,122.88
8,Old(er) Kitchen,13,Cooper Kupp,WR,15.9
8,Old(er) Kitchen,13,Breece Hall,RB,10.5
8,Old(er) Kitchen,13,Diontae Johnson,WR,13.3
8,Old(er) Kitchen,13,Isiah Pacheco,RB,21.3
8,Old(er) Kitchen,13,Brian Robinson Jr.,RB,5.300000000000001
8,Old(er) Kitchen,13,Jordan Love,QB,23.68
8,Old(er) Kitchen,13,Matt Prater,K,8.0
8,Old(er) Kitchen,13,Juwan Johnson,TE,0.0
8,Old(er) Kitchen,13,Buccaneers D/ST,DEF,8.0
8,Old(er) Kitchen,13,,Total Points,105.98
1,The Good Lookin Kitchen,13,Amon-Ra St. Brown,WR,12.9
1,The Good Lookin Kitchen,13,Rhamondre Stevenson,RB,2.9000000000000004
1,The Good Lookin Kitchen,13,Keenan Allen,WR,10.8
1,The Good Lookin Kitchen,13,Tyler Lockett,WR,9.7
1,The Good Lookin Kitchen,13,Jaylen Warren,RB,6.5
1,The Good Lookin Kitchen,13,Sam LaPorta,TE,29.0
1,The Good Lookin Kitchen,13,Kyler Murray,QB,11.8
1,The Good Lookin Kitchen,13,Browns D/ST,DEF,-2.0
1,The Good Lookin Kitchen,13,Evan McPherson,K,12.0
1,The Good Lookin Kitchen,13,,Total Points,93.6
2,Show Me Your TDs,13,Christian McCaffrey,RB,22.3
2,Show Me Your TDs,13,Garrett Wilson,WR,8.0
2,Show Me Your TDs,13,Jalen Hurts,QB,23.92
2,Show Me Your TDs,13,Calvin Ridley,WR,7.300000000000001
2,Show Me Your TDs,13,Courtland Sutton,WR,15.7
2,Show Me Your TDs,13,Cowboys D/ST,DEF,-3.0
2,Show Me Your TDs,13,Brandon Aubrey,K,15.0
2,Show Me Your TDs,13,Trey McBride,TE,22.9
2,Show Me Your TDs,13,Zack Moss,RB,7.700000000000001
2,Show Me Your TDs,13,,Total Points,119.82
7,Green Bowl Packers,13,Travis Kelce,TE,12.1
7,Green Bowl Packers,13,Bijan Robinson,RB,10.9
7,Green Bowl Packers,13,Jaylen Waddle,WR,10.2
7,Green Bowl Packers,13,Mike Evans,WR,29.2
7,Green Bowl Packers,13,Michael Pittman Jr.,WR,27.5
7,Green Bowl Packers,13,Jerome Ford,RB,14.200000000000001
7,Green Bowl Packers,13,Jared Goff,QB,16.32
7,Green Bowl Packers,13,Joshua Palmer,WR,0.0
7,Green Bowl Packers,13,Dolphins D/ST,DEF,14.0
7,Green Bowl Packers,13,Brandon McManus,K,7.0
7,Green Bowl Packers,13,,Total Points,141.42
9,Trevor Howard,13,Joe Mixon,RB,29.700000000000003
9,Trevor Howard,13,Amari Cooper,WR,6.4
9,Trevor Howard,13,Christian Kirk,WR,3.6
9,Trevor Howard,13,Alvin Kamara,RB,28.900000000000002
9,Trevor Howard,13,Geno Smith,QB,29.96
9,Trevor Howard,13,Puka Nacua,WR,23.9
9,Trevor Howard,13,Jake Elliott,K,7.0
9,Trevor Howard,13,Hunter Henry,TE,3.5
9,Trevor Howard,13,Jaguars D/ST,DEF,-2.0
9,Trevor Howard,13,,Total Points,130.96
10,Stay off the  Weidhaas,14,Stefon Diggs,WR,6.4
10,Stay off the  Weidhaas,14,Derrick Henry,RB,18.099999999999998
10,Stay off the  Weidhaas,14,Travis Etienne Jr.,RB,17.2
10,Stay off the  Weidhaas,14,Chris Olave,WR,12.8
10,Stay off the  Weidhaas,14,Mike Williams,WR,0.0
10,Stay off the  Weidhaas,14,Evan Engram,TE,32.5
10,Stay off the  Weidhaas,14,Tua Tagovailoa,QB,9.1
10,Stay off the  Weidhaas,14,Rashee Rice,WR,18.2
10,Stay off the  Weidhaas,14,Texans D/ST,DEF,5.0
10,Stay off the  Weidhaas,14,Younghoe Koo,K,3.0
10,Stay off the  Weidhaas,14,,Total Points,122.3
2,Show Me Your TDs,14,Christian McCaffrey,RB,16.3
2,Show Me Your TDs,14,Garrett Wilson,WR,20.1
2,Show Me Your TDs,14,Jalen Hurts,QB,8.879999999999999
2,Show Me Your TDs,14,DJ Moore,WR,26.8
2,Show Me Your TDs,14,Courtland Sutton,WR,15.2
2,Show Me Your TDs,14,David Njoku,TE,27.1
2,Show Me Your TDs,14,Cowboys D/ST,DEF,10.0
2,Show Me Your TDs,14,Brandon Aubrey,K,22.0
2,Show Me Your TDs,14,Zack Moss,RB,9.600000000000001
2,Show Me Your TDs,14,,Total Points,155.98
7,Green Bowl Packers,14,Travis Kelce,TE,14.3
7,Green Bowl Packers,14,Bijan Robinson,RB,19.8
7,Green Bowl Packers,14,Jaylen Waddle,WR,13.9
7,Green Bowl Packers,14,Mike Evans,WR,1.8
7,Green Bowl Packers,14,Michael Pittman Jr.,WR,19.5
7,Green Bowl Packers,14,De'Von Achane,RB,12.1
7,Green Bowl Packers,14,Joshua Palmer,WR,0.0
7,Green Bowl Packers,14,Justin Fields,QB,24.72
7,Green Bowl Packers,14,Dolphins D/ST,DEF,9.0
7,Green Bowl Packers,14,Brandon McManus,K,3.0
7,Green Bowl Packers,14,,Total Points,118.12
1,The Good Lookin Kitchen,14,Justin Jefferson,WR,4.7
1,The Good Lookin Kitchen,14,Josh Jacobs,RB,7.0
1,The Good Lookin Kitchen,14,Amon-Ra St. Brown,WR,5.1
1,The Good Lookin Kitchen,14,Keenan Allen,WR,12.8
1,The Good Lookin Kitchen,14,Jaylen Warren,RB,8.0
1,The Good Lookin Kitchen,14,Sam LaPorta,TE,4.7
1,The Good Lookin Kitchen,14,Evan McPherson,K,10.0
1,The Good Lookin Kitchen,14,Jake Browning,QB,23.7
1,The Good Lookin Kitchen,14,Packers D/ST,DEF,3.0
1,The Good Lookin Kitchen,14,,Total Points,79.0
9,Trevor Howard,14,Saquon Barkley,RB,23.1
9,Trevor Howard,14,Joe Mixon,RB,21.5
9,Trevor Howard,14,Josh Allen,QB,20.52
9,Trevor Howard,14,Alvin Kamara,RB,13.500000000000002
9,Trevor Howard,14,Cole Kmet,TE,11.600000000000001
9,Trevor Howard,14,Puka Nacua,WR,14.0
9,Trevor Howard,14,Romeo Doubs,WR,7.2
9,Trevor Howard,14,Ravens D/ST,DEF,4.0
9,Trevor Howard,14,Jake Elliott,K,10.0
9,Trevor Howard,14,,Total Points,125.42
4,Alex Moran,14,Austin Ekeler,RB,21.0
4,Alex Moran,14,Tyreek Hill,WR,10.100000000000001
4,Alex Moran,14,Jahmyr Gibbs,RB,17.200000000000003
4,Alex Moran,14,George Kittle,TE,16.6
4,Alex Moran,14,Chris Godwin,WR,10.3
4,Alex Moran,14,Steelers D/ST,DEF,4.0
4,Alex Moran,14,Dak Prescott,QB,17.939999999999998
4,Alex Moran,14,Kyren Williams,RB,14.3
4,Alex Moran,14,Tank Dell,WR,0.0
4,Alex Moran,14,Michael Thomas,WR,0.0
4,Alex Moran,14,Matt Gay,K,-1.0
4,Alex Moran,14,,Total Points,110.44
8,Old(er) Kitchen,14,Cooper Kupp,WR,25.5
8,Old(er) Kitchen,14,Breece Hall,RB,26.6
8,Old(er) Kitchen,14,T.J. Hockenson,TE,10.3
8,Old(er) Kitchen,14,Diontae Johnson,WR,14.7
8,Old(er) Kitchen,14,Kareem Hunt,RB,10.0
8,Old(er) Kitchen,14,Jordan Love,QB,8.92
8,Old(er) Kitchen,14,Buccaneers D/ST,DEF,4.0
8,Old(er) Kitchen,14,Jake Moody,K,4.0
8,Old(er) Kitchen,14,Jayden Reed,WR,20.5
8,Old(er) Kitchen,14,,Total Points,124.52
3,Slim Pickens,14,CeeDee Lamb,WR,19.1
3,Slim Pickens,14,DeVonta Smith,WR,10.3
3,Slim Pickens,14,Patrick Mahomes,QB,13.64
3,Slim Pickens,14,Rachaad White,RB,21.500000000000004
3,Slim Pickens,14,D'Andre Swift,RB,3.9000000000000004
3,Slim Pickens,14,Nico Collins,WR,2.3
3,Slim Pickens,14,Dalton Kincaid,TE,7.1
3,Slim Pickens,14,Falcons D/ST,DEF,3.0
3,Slim Pickens,14,Nick Folk,K,8.0
3,Slim Pickens,14,,Total Points,88.84
6,London Calling,14,Ja'Marr Chase,WR,5.9
6,London Calling,14,Christian Watson,WR,0.0
6,London Calling,14,Trevor Lawrence,QB,17.38
6,London Calling,14,Brandon Aiyuk,WR,16.6
6,London Calling,14,AJ Dillon,RB,9.8
6,London Calling,14,Justin Tucker,K,12.0
6,London Calling,14,Tyler Allgeier,RB,4.0
6,London Calling,14,Jets D/ST,DEF,12.0
6,London Calling,14,Jonnu Smith,TE,6.7
6,London Calling,14,,Total Points,84.38
5,Ridley Me This,14,Tony Pollard,RB,16.6
5,Ridley Me This,14,A.J. Brown,WR,16.4
5,Ridley Me This,14,Deebo Samuel,WR,34.0
5,Ridley Me This,14,David Montgomery,RB,11.500000000000002
5,Ridley Me This,14,Khalil Herbert,RB,0.8
5,Ridley Me This,14,DeAndre Hopkins,WR,25.4
5,Ridley Me This,14,C.J. Stroud,QB,3.64
5,Ridley Me This,14,Chargers D/ST,DEF,4.0
5,Ridley Me This,14,Taysom Hill,TE,0.0
5,Ridley Me This,14,Cameron Dicker,K,1.0
5,Ridley Me This,14,,Total Points,112.54
